UserFiltered,Negative,Positive,Label,SUM,Frequency,Retweet,Reply,Reply gets,NegInfluencerInTheirSet
zvqrryobrien61,0,0,NF,0,3,0,0,0,
yvk60,0,0,NF,0,67,0,24,0,
welikeitIoud,0,0,NF,0,4,0,0,0,
wana35584931,-3,0,NF,-3,137,78,58,0,
ukon993301611,0,0,NF,0,542,31,217,0,
tatunori513,0,0,NF,0,153,46,29,0,
stwa29209,0,0,NF,0,3201,0,0,0,
spe77pp,0,0,NF,0,3250,0,0,0,
sena_kishito,0,0,NF,0,219,13,133,0,
sarsha121,0,0,NF,0,941,99,228,0,
SamiBhai22,0,0,NF,0,7,0,4,0,
ribkashi,0,0,NF,0,3116,764,1705,49,
pem_cocoa,0,0,NF,0,1416,73,336,3,
olt160,0,0,NF,0,3230,0,0,0,
nt9909,0,0,NF,0,432,3,0,0,
nmbleke,0,0,NF,0,415,103,0,0,
nikubenkitkat,0,0,NF,0,2,0,127,2,
nicolelove_com,0,0,NF,0,302,143,0,0,
MMohsen29,0,0,NF,0,106,90,147,0,
miyu_miyu121,0,0,NF,0,99,1,3,0,
MarlenVina,0,0,NF,0,3237,0,8,0,
Mamdouhmone,0,0,NF,0,1027,1,0,0,
MalindaSmink,0,0,NF,0,3206,0,2,0,
m62247576101,0,0,NF,0,17,0,0,0,
LakeshaAntoniew,0,0,NF,0,3243,0,0,0,
KhuloodAlNaqbi1,0,0,NF,0,3230,77,0,0,
keeeen91019,0,0,NF,0,225,28,0,0,
jyuken_eitango,0,0,NF,0,3205,0,156,0,
Jarshan990,-2,0,NF,-2,3214,2887,0,0,
Its_3mmak,-4,0,NF,-4,3208,448,242,0,
isara36,0,0,NF,0,3229,3212,2063,0,
il_35i,0,0,NF,0,25,0,1,0,
Haruto_osomathu,0,0,NF,0,3201,670,0,0,
hafsahailey1,0,0,NF,0,2709,2708,340,93,
gtfbh,0,0,NF,0,3199,254,0,0,
GcHekk,0,0,NF,0,2931,2458,2527,1,
ema_1a,0,0,NF,0,3243,0,422,0,
doili_tv,-17,0,NF,-17,63,7,0,0,
dohahamad6,0,0,NF,0,6,0,20,1,
dmfa20915,0,0,NF,0,3234,0,4,0,
dmfa20871,0,0,NF,0,3224,0,0,0,
cjmyxhe,0,0,NF,0,51,0,0,0,
Cecilia_VS_444,0,0,NF,0,3055,118,0,0,
butl31006,0,0,NF,0,3247,0,531,6,
bekkysabasaba,0,0,NF,0,53,0,0,0,
awaljani4,0,0,NF,0,4,0,0,0,
asdfgkxjd1,0,0,NF,0,3251,0,1,0,
anoodii_72,-2,0,NF,-2,768,213,0,0,
Ank_yuma1209,0,0,NF,0,127,3,231,0,
AliGaberAli,0,0,NF,0,1327,22,67,1,
Ahmedl208,-2,0,NF,-2,3225,49,0,0,
83826slhd,0,0,NF,0,3236,0,2,0,
26521stwb,0,0,NF,0,3209,0,0,0,
26102stwa,0,0,NF,0,3235,0,0,0,
07307jcsc,0,0,NF,0,3220,0,0,0,
05405lktb,0,0,NF,0,3216,0,0,0,
04927lktb,0,0,NF,0,3209,0,0,0,
04864lktb,0,0,NF,0,3224,0,0,0,
03872trdb,0,0,NF,0,3218,0,0,0,
03855trdb,0,0,NF,0,3250,0,0,0,
03051trdc,0,0,NF,0,3249,0,0,0,
02633gnlc,0,0,NF,0,3232,0,0,0,
02125gnlb,0,0,NF,0,3237,0,0,0,
tembame2comey,-5,1,NF,-4,38,17,0,0,
mapichaaaan,0,1,NF,1,2640,18,2,0,
ZeusKoSnow,0,2,NF,2,3205,2,1987,6,
vandalism_fd,0,2,NF,2,3175,960,0,0,
SQR_ghamed,-2,2,NF,0,1926,966,1031,3,
Im_Am_Cereal,0,2,NF,2,9,0,580,9,
anakkosttt,-5,2,NF,-3,196,13,0,0,
a2lettsome,0,2,NF,2,8,5,0,0,
yaarani3,0,3,NF,3,55,0,0,0,
norihure_ne8949,0,3,NF,3,1022,218,0,0,
hanalakuzail,-4,3,NF,-1,216,38,256,0,
Al3nziBdr,0,3,NF,3,2804,2674,3,0,
A_S_Kirschtorte,0,3,NF,3,2988,1196,50,2,
0qllisIho6CSKFo,0,3,NF,3,935,246,443,47,
sanomaru02251,0,4,NF,4,505,330,510,0,
NikesBest37,-11,4,NF,-7,12,11,68,0,
erectionchan,0,4,NF,4,1544,1031,0,0,
soyoujung,-2,5,NF,3,3302,3216,23,0,
jav_girl,-8,5,NF,-3,3233,0,0,0,
iamnicksalaysay,-3,5,NF,2,13,0,0,0,
ffridaisaksson,0,5,NF,5,17,15,2,0,
ChKashifArshad,0,5,NF,5,38,0,1,0,
atah_ovagob91,0,5,NF,5,3245,26,0,0,
samacharsar,-4,6,NF,2,3214,0,0,0,
EstellePedreira,-1,6,NF,5,3237,0,0,0,
rayanalnoh,-10,9,NF,-1,1438,728,0,0,
pcQnm2yC38KXUTk,0,9,NF,9,1457,1362,310,10,
mogni64,-106,9,NF,-97,3123,2523,12,0,
sooso61,0,10,NF,10,3190,200,41,0,
hdygdt2,0,10,NF,10,3183,287,5,0,
pavinsmommy,0,12,NF,12,8,1,2742,2,
ice_cold_sky_,-1,12,NF,11,3214,1287,5,0,
Federicoperez_8,-91,14,NF,-77,715,300,567,29,
Dragger65,-11,15,NF,4,3173,3135,177,0,
krpn444,-7,16,NF,9,1133,231,0,0,
jrmnkng,0,16,NF,16,3202,0,450,1,
1FromPpl,-6,17,NF,11,2480,1731,0,0,
yuka15918010,0,18,NF,18,3124,299,461,18,
teerzcurrent,-11,18,NF,7,21,2,2508,75,
IaIaIander,-6,18,NF,12,3204,0,14,0,
tigershark_69,-17,19,NF,2,73,72,0,0,
Dwainvdw,-14,20,NF,6,819,0,0,0,
Mw2Alsaif,-10,21,NF,11,588,3,2,0,
daymyanroberta,-6,28,NF,22,25,1,8,0,
mohammed7579,-4,31,NF,27,3200,696,10,0,
0313sexy_kento,0,32,NF,32,609,469,93,0,
savitha78,-17,33,NF,16,878,12,93,24,
Rugbykoutaro_11,-2,33,NF,31,2106,886,651,0,
gen_karin,-17,33,NF,16,2857,1232,376,0,
hsrryestyIes,-40,35,NF,-5,583,98,673,2,
rus23NIk,-20,36,NF,16,499,93,241,0,
caltommyhood,-4,36,NF,32,3214,30,250,0,
amndlno,-12,36,NF,24,179,20,0,0,
MagazineAlbania,-57,37,NF,-20,3236,0,65,0,
100k_Trey,-152,39,NF,-113,53,14,0,0,
watany1974,-17,40,NF,23,3175,838,2,0,
nicolaedwards5,-1,45,NF,44,42,19,1628,0,
mDAVIDrr_,-20,47,NF,27,90,55,16,0,
ibra_official93,-15,47,NF,32,3210,480,1,0,
ZynbAl3rees,-25,48,NF,23,3162,1770,1430,69,
weeeeeeeei_ffrk,-1,52,NF,51,3074,232,107,0,
nntacya,-23,54,NF,31,3179,2848,1616,22,
Drhm1234,-9,54,NF,45,3194,525,33,2,
MusclePr0ducts,-10,58,NF,48,34,31,2351,0,
udaqueness,-34,59,NF,25,3147,1254,0,0,
mozxa,-13,59,NF,46,3233,1061,385,130,
sesamakaltim,-102,64,NF,-38,352,249,3,0,
abdogmy1,-49,66,NF,17,3248,0,63,0,
3ine_s,-47,66,NF,19,3151,2940,0,0,
k__K2617,-12,71,NF,59,3043,1302,58,0,
yayiez,-11,73,NF,62,3220,1005,1442,0,
wz_p7,-5,77,NF,72,3237,0,1287,29,
Alrushaidat,-28,79,NF,51,820,303,0,0,
Hello_ImKYRA,-98,80,NF,-18,133,25,427,0,
temporlarriefix,-13,84,NF,71,75,63,16,0,
vakta17,-29,85,NF,56,103,86,8,0,
djsdrive,-636,86,NF,-550,3202,0,4,0,
LubnaAlsaleh_,-3,88,NF,85,1509,272,0,0,
ctrlaubrey,-143,91,NF,-52,160,22,190,10,
harshrajrox01,-242,102,NF,-140,176,165,81,4,
DestinoDaGod,-128,103,NF,-25,124,20,0,0,
abulfarafisyah,-14,103,NF,89,401,65,33,0,
karaagetencho,-20,105,NF,85,3207,2516,55,0,
tekinsahan,-186,107,NF,-79,3212,2777,18,28,
MarjorieDickins,-20,110,NF,90,126,0,388,0,
brilicarixx,-94,110,NF,16,219,70,0,0,
zaefromda9,-268,117,NF,-151,256,245,36,1,
syphm1,-160,121,NF,-39,267,126,4,0,
KhpalWaziristan,-59,124,NF,65,493,4,97,0,
demihomo,-106,129,NF,23,3244,5,16,1,
nnnnut_,-28,133,NF,105,3193,3163,6,0,
AREONE27,-144,135,NF,-9,179,170,5,0,
NS_bink,-45,136,NF,91,2877,1400,5,0,
villarealroxan,-46,137,NF,91,470,0,841,1,
vidya_balan,-11,137,NF,126,108,7,1,0,
NBSSAP,-32,146,NF,114,246,125,42,0,
buritclosed,-81,148,NF,67,2033,50,4,0,
K9DoodiePatolr,-54,153,NF,99,187,173,1008,36,
ItsSubject,-125,153,NF,28,209,111,0,0,
MaysRiney,-316,155,NF,-161,3227,275,67,0,
sayir07,-53,156,NF,103,3208,722,0,0,
jamiefoster,-5,156,NF,151,94,2,835,4,
carlotafranco2,-160,156,NF,-4,3205,1257,45,0,
Do_Not_Honk,-225,159,NF,-66,610,161,135,1,
pummimi,-65,165,NF,100,3194,3109,408,0,
54ipfhfp,-1,168,NF,167,3239,0,3,0,
iDanColeman,-36,169,NF,133,3537,0,0,0,
xxCuteHdsz,-115,198,NF,83,3181,524,47,0,
RenzelMcSilver,-40,200,NF,160,728,302,1091,60,
___YuminDevine,-45,203,NF,158,1066,505,101,0,
Jienam941015,-74,204,NF,130,3158,2393,267,0,
spunppppp,-72,206,NF,134,3217,2964,129,2,
nawachad,-38,208,NF,170,3196,2503,56,1,
Physique_Pride,-288,209,NF,-79,348,66,594,0,
MLB_Scores_,-66,210,NF,144,401,69,7,0,
filpap,-91,217,NF,126,3246,2,0,0,
jessica___ruiz,-181,218,NF,37,284,263,0,0,
frjessie,-111,218,NF,107,3217,0,1,0,
valicolea,-65,219,NF,154,3246,0,0,0,
hkky49mi,0,222,NF,222,3251,1,0,0,
ITAINTCAD,-216,223,NF,7,3213,17,0,0,
ShanenRein,-115,226,NF,111,398,67,2748,6,
mr_iklan,-36,239,NF,203,3202,72,55,2,
wssx_,-72,249,NF,177,3192,2609,0,0,
FRANCISNDOLO3,-142,268,NF,126,338,163,128,0,
jackbumn,-365,269,NF,-96,3246,162,92,0,
PRIYANLAKSHMAN,-37,273,NF,236,394,1,1848,0,
Wave88,-180,284,NF,104,3166,641,2,0,
emeraldsequator,-242,286,NF,44,3250,61,1963,13,
nrppp__,-187,292,NF,105,3173,2341,1442,0,
jesensjovan,-217,292,NF,75,3212,2966,422,4,
ovidiuebufnila,-14,296,NF,282,227,2,33,0,
n_Clouds,-20,303,NF,283,294,61,141,0,
BiskuitOreo,-220,305,NF,85,3226,427,15,0,
ColsAndrea20,-204,312,NF,108,349,143,1555,1,
Gianna_Yates,-294,314,NF,20,409,22,19,2,
valenriqueez,-234,315,NF,81,419,347,0,0,
douglas_bowley,-308,319,NF,11,376,185,45,0,
lovelynnapicog,-34,321,NF,287,355,199,19,0,
malayZii,-54,323,NF,269,3197,2428,127,0,
Barmenhr,-87,339,NF,252,3239,38,346,0,
510cherly,-123,343,NF,220,3203,3188,20,0,
athertonjc,-32,359,NF,327,526,448,0,0,
Fellywanjiku,-118,361,NF,243,933,132,0,0,
balbiie,-111,368,NF,257,3157,306,724,0,
NotMyMoney_,-321,369,NF,48,3214,422,2427,0,
Pascacelio,-466,377,NF,-89,3157,1663,2207,22,
followme_ok,-145,380,NF,235,3220,0,781,7,
monanazz,-173,382,NF,209,3110,2082,0,0,
_delhiteLdy,-99,387,NF,288,1473,1113,294,10,
youngalexande15,-868,397,NF,-471,3216,0,230,0,
luisangel201410,-576,402,NF,-174,3224,659,0,0,
prtmADIn,-172,411,NF,239,3145,1963,996,2,
dazzsb,-18,412,NF,394,3278,3173,277,0,
SianEBones,-170,415,NF,245,385,115,0,0,
Haylee_Mccray,-379,422,NF,43,482,45,86,0,
Tetteh_Obuobi,-227,423,NF,196,413,72,0,0,
GaleTammy,-149,454,NF,305,3249,0,121,0,
oproprioTEKNIK,-593,456,NF,-137,3237,1546,0,0,
JkJkbabu6707,-197,467,NF,270,3221,2075,422,0,
AndrewBunbury,-478,470,NF,-8,575,72,796,54,
Lungstablaze,-559,476,NF,-83,543,216,259,13,
_nidori,-821,477,NF,-344,3199,1237,74,0,
lillie_stark,-394,478,NF,84,518,78,396,0,
stephmarylee,-699,497,NF,-202,668,230,0,0,
csickem4,-290,509,NF,219,767,370,104,0,
FirmacionShane,-310,512,NF,202,1413,289,233,4,
bo3li_alsalmi,-351,512,NF,161,3215,2387,246,2,
xianlims,-20,515,NF,495,3176,160,477,2,
Wimwanud,-280,518,NF,238,3186,2692,1,0,
teeacupppp,-342,519,NF,177,456,190,131,0,
V4Victo,-518,520,NF,2,800,481,30,0,
MarathiRT,-108,527,NF,419,3198,3005,124,0,
i_hjoor,-110,529,NF,419,3232,880,82,0,
Sumankarki05,-178,534,NF,356,3222,2590,1025,24,
meganmcgee_,-804,535,NF,-269,637,526,176,0,
conqasport,-68,546,NF,478,273,41,41,0,
ashishkelo,-1128,547,NF,-581,3228,2898,41,0,
farley_amber,-581,549,NF,-32,720,166,18,0,
kopiarap,-191,550,NF,359,3211,879,218,3,
joedealsallday,-247,562,NF,315,3217,0,955,3,
ewaldh_,-647,563,NF,-84,1108,919,0,0,
eunjiluveunji,-101,595,NF,494,888,770,22,0,
tbhshyma,-280,596,NF,316,3209,1149,58,0,
xeniaechols,-786,600,NF,-186,1408,345,446,38,
EventStylingZA,-54,605,NF,551,854,7,420,6,
Elsie_geselsie,-5,607,NF,602,3197,1931,5,0,
Nu_Dicklicious,-66,609,NF,543,3121,821,1224,0,
BilyRobledo,-457,618,NF,161,3242,2451,954,0,
HCXBS,-112,640,NF,528,3214,85,0,0,
edwinhe70948041,-1047,655,NF,-392,1008,53,138,0,
thepx__,-288,656,NF,368,3154,1091,13,0,
agilista_me,-264,669,NF,405,1178,227,1084,4,
sanjayator,-915,672,NF,-243,3216,0,148,0,
FaiiFanism,-105,677,NF,572,3211,2715,0,0,
iammaf_,-383,706,NF,323,3171,400,9,2,
thegerb7,-325,710,NF,385,573,277,712,0,
Deth_Ben,-469,719,NF,250,1112,316,72,1,
telehitamame,-382,737,NF,355,3199,2397,425,0,
vuhovirulaj,-403,746,NF,343,3207,0,701,0,
vucasyhiq,-399,746,NF,347,3200,0,0,0,
cramerreece,-405,748,NF,343,3203,0,0,0,
numykyferin,-402,749,NF,347,3208,0,0,0,
vowodexudigu,-402,751,NF,349,3234,0,0,0,
JINACONDA,-243,751,NF,508,3201,2659,0,0,
ScienciaGeograp,-403,752,NF,349,3238,0,112,0,
gocyjepaw,-412,754,NF,342,3247,0,0,0,
wovutyrukutu,-412,756,NF,344,3243,0,0,0,
DaaYusof,-605,758,NF,153,3208,1356,0,0,
shishuworld,-130,806,NF,676,1015,35,378,1,
f98650ba2264434,-1371,806,NF,-565,3214,3206,5,0,
geonews_en,-3083,810,NF,-2273,3231,0,0,0,
hartotodinataok,-317,816,NF,499,1667,2,0,0,
mengjiabae,-216,822,NF,606,3213,385,1662,0,
fxzxe,-433,822,NF,389,3183,2152,1917,0,
mathanagopal,-223,855,NF,632,3242,2344,345,1,
indotix,-97,868,NF,771,3216,86,595,27,
jxilimuy,-155,879,NF,724,3207,714,1781,1,
duanyien96,-128,891,NF,763,973,768,12,0,
ChoradiyaMehul,-714,920,NF,206,3179,1995,5,0,
Nastsukii,-351,925,NF,574,3218,1454,167,3,
alimaraty,-318,926,NF,608,3225,418,887,0,
18_27,-242,928,NF,686,1070,815,99,1,
EiyzadChibi,-469,934,NF,465,3192,1951,53,0,
benmhennilina,-772,944,NF,172,3218,857,290,2,
anabibah_,-416,969,NF,553,3198,812,89,0,
saefrog94,-117,971,NF,854,3162,3124,432,0,
this_is_teyak,-116,978,NF,862,990,614,1,0,
josweddingdress,-197,982,NF,785,3226,0,70,0,
_classylikethat,-1165,1001,NF,-164,1551,746,0,0,
Akashtv1,-1040,1003,NF,-37,3193,595,421,7,
CheennyC,-542,1017,NF,475,2746,361,404,1,
lsl_xo,-856,1029,NF,173,1321,338,217,3,
fixpart16,-318,1034,NF,716,3118,2956,59,1,
OrtizShs,-901,1041,NF,140,1699,1523,27,0,
iamwizzz,-825,1049,NF,224,3236,58,148,1,
jssicum,-1233,1056,NF,-177,1156,569,14,0,
llllivv,-389,1061,NF,672,622,245,76,1,
AmandaTaylor08,-436,1070,NF,634,962,108,207,1,
watsupafrica,-1446,1078,NF,-368,3222,0,204,0,
Dyosalevel999,-406,1084,NF,678,2872,811,2,0,
JennSTEM,-88,1090,NF,1002,608,169,371,0,
bureyy,-837,1090,NF,253,1649,627,186,1,
lalitweb,-441,1101,NF,660,1369,1356,403,0,
espinaMj,-99,1111,NF,1012,2044,7,2,0,
UdaipurKiran,-1251,1113,NF,-138,3218,0,62,0,
yenkasi,-283,1123,NF,840,1689,1252,0,1,
jill_jull,-421,1139,NF,718,1233,380,55,0,
faridpier,-656,1163,NF,507,3195,1478,820,0,
iwritefordrake,-1436,1171,NF,-265,1928,1655,604,0,
MohdAriadi,-671,1192,NF,521,3171,2640,117,0,
roberta25s,-937,1197,NF,260,3232,3231,84,0,
christine_cope,-435,1200,NF,765,2996,2135,0,0,
amerr_aref,-610,1205,NF,595,3207,1741,19,0,
elibluejay,-863,1229,NF,366,2071,955,183,1,
daddylyrical,-2354,1248,NF,-1106,3170,1312,843,2,
fawwazfarhan,-489,1282,NF,793,3172,1540,568,9,
REEEEmiix_Baby,-1710,1288,NF,-422,3056,1178,1095,2,
justintimeOO,-801,1289,NF,488,3241,3240,175,0,
AbadisForest,-2049,1299,NF,-750,3197,1322,0,0,
KatchHQ,-421,1310,NF,889,3208,3,914,96,
NhannaniMKamal,-421,1311,NF,890,3190,361,3200,0,
SyuhadaMaarof,-695,1315,NF,620,3110,2270,915,3,
Big_mag1,-805,1317,NF,512,1177,91,277,0,
bakerbungle,-79,1317,NF,1238,629,424,494,1,
TheyHateTykia,-3811,1323,NF,-2488,3181,837,115,3,
azimrajak,-472,1328,NF,856,3173,793,303,1,
ScottyPenguin,-2534,1332,NF,-1202,3225,0,851,13,
BlackDeath6371,-2004,1336,NF,-668,3093,2958,0,0,
tanya_tiller,-3494,1349,NF,-2145,3201,1533,133,0,
JunhuiHanWooSVT,-447,1352,NF,905,3133,1677,0,0,
SilberWorldNews,-2552,1373,NF,-1179,3203,0,766,8,
irenegorde,-1019,1379,NF,360,3206,1411,0,0,
MrNoahItALL,-1907,1385,NF,-522,3204,2627,0,0,
iamChaiiAbesia,-684,1385,NF,701,3168,348,347,0,
MandyHudack,0,1389,NF,1389,3214,0,383,16,
emacosc,-1662,1389,NF,-273,3169,422,0,0,
mighanica,-568,1398,NF,830,3132,1500,1044,3,
itsmeyayel,-201,1409,NF,1208,3189,868,622,2,
PangilinanZher,-491,1413,NF,922,2788,821,374,1,
ijatsnake,-2152,1417,NF,-735,3181,710,737,2,
doublex2Dee,-3223,1434,NF,-1789,3187,1502,424,0,
health_google,-2863,1439,NF,-1424,3237,0,233,19,
RogerVolcano52,-2618,1444,NF,-1174,3189,1868,0,0,
xCodeineKillerx,-1946,1450,NF,-496,3112,1046,271,30,
BruhLookAtThis,-3288,1451,NF,-1837,3132,2,441,0,
evandwizra,-953,1469,NF,516,3213,1564,567,2,
sheila0314,-157,1472,NF,1315,1784,1164,282,0,
Mali,-3398,1473,NF,-1925,3213,0,504,1,
royallyhurt,-1210,1488,NF,278,2720,1778,0,0,
rays_lalola,-218,1491,NF,1273,3052,170,366,0,
EveningStandard,-3486,1496,NF,-1990,3245,3231,1660,1,
InAMangoWalk,-1119,1498,NF,379,2054,360,0,0,
meanherrera,-577,1507,NF,930,3238,185,74,1,
Ayeneellasoxx,-530,1526,NF,996,3224,1065,1473,0,
DaILLEST_Nick,-3084,1536,NF,-1548,3175,2241,688,0,
azfarazhr_,-648,1538,NF,890,3015,1145,443,3,
YourToyChest,-4316,1544,NF,-2772,3207,2,541,0,
Mike_T_Lopez,-1956,1569,NF,-387,3159,512,0,0,
herr_rockn,-498,1581,NF,1083,1991,282,2007,53,
anaaryhn,-642,1588,NF,946,3189,1574,124,1,
Druckinator,-2817,1591,NF,-1226,3198,2952,343,0,
tewi_en,-1192,1600,NF,408,3231,0,227,0,
Ary_Bacardi,-2387,1602,NF,-785,3173,920,0,0,
InvGurInd,-1173,1603,NF,430,3213,30,564,4,
NOH8ER,-3122,1604,NF,-1518,3155,1834,32,0,
JawedTweets,-1662,1611,NF,-51,3211,3001,857,0,
gadgetifo,-1277,1611,NF,334,3238,0,24,0,
sabrinamurphy_,-1271,1616,NF,345,2664,880,0,0,
AustinTodd11,-461,1617,NF,1156,3232,0,884,0,
allstarsings,-1575,1623,NF,48,3221,9,0,0,
danisfahreza,-734,1625,NF,891,3235,1546,3,0,
FereshtehEmami,-582,1628,NF,1046,1056,27,477,0,
JoeZeejose,-1624,1644,NF,20,2786,353,631,0,
shelby_knight36,-1875,1645,NF,-230,2997,1477,1300,3,
bangtanhomies,-459,1650,NF,1191,3147,1071,288,1,
PrimateMgmt,-165,1654,NF,1489,3255,618,920,9,
brownieji,-1309,1665,NF,356,3230,3229,1425,0,
GERARDDDDoo,-2298,1667,NF,-631,3164,2311,0,0,
PrimatePromo,-204,1668,NF,1464,3203,771,108,1,
MakeIt1M,-368,1671,NF,1303,3221,1120,1229,0,
iGetCurved,-2707,1676,NF,-1031,3071,703,0,0,
HarishBhaiJi,-1662,1684,NF,22,3260,3067,466,2,
nouranatasha,-656,1686,NF,1030,3124,1146,7,0,
IsaiahWallace5,-2529,1690,NF,-839,3241,0,802,0,
EliteGroupAlain,-818,1695,NF,877,3122,640,0,0,
macsdr,-252,1703,NF,1451,3222,421,204,1,
xolei_,-1604,1709,NF,105,1870,603,1005,7,
umisaeki,-841,1712,NF,871,3196,2839,105,2,
Silent_J_,-2164,1713,NF,-451,3248,656,223,9,
IfomaOkaye,-2302,1715,NF,-587,3211,0,166,0,
Bangtanojams,-1121,1716,NF,595,3219,2020,0,0,
Punga007,-2177,1721,NF,-456,3139,0,82,1,
kiala3nidad,-514,1737,NF,1223,3171,629,0,0,
SoundCityMiz,-1653,1747,NF,94,3231,1118,793,15,
ooccttoo,-1925,1749,NF,-176,3225,1595,231,5,
SimpleDee_22,-1956,1754,NF,-202,3190,359,636,6,
Garren_Wade,-1589,1757,NF,168,2479,484,984,6,
maryumizme,-995,1759,NF,764,3181,1502,299,1,
nrlnzhh,-570,1762,NF,1192,3210,972,601,1,
in2o14,-217,1762,NF,1545,3282,976,1255,8,
Kayshire_Cat,-2450,1767,NF,-683,3209,966,646,0,
ceeyoutea,-1920,1768,NF,-152,3246,56,1148,75,
gilhakuno,-941,1775,NF,834,3214,1250,1994,19,
ruthlessyesenia,-2480,1776,NF,-704,3164,1898,99,0,
stoshie27,-1209,1791,NF,582,3094,894,301,7,
_marieclare,-1247,1796,NF,549,3167,1434,1595,4,
JBR_AlK,-679,1832,NF,1153,3192,1396,1211,0,
itsAnu_,-1973,1834,NF,-139,3135,1548,217,0,
lhynneirish,-535,1835,NF,1300,3091,909,459,13,
DenaeMiloo,-2679,1838,NF,-841,3178,2195,1835,1,
DFK007,-1168,1841,NF,673,1964,726,220,20,
AmierBitch,-2416,1847,NF,-569,3145,3129,1183,1,
_DxmBillingtxn,-2091,1852,NF,-239,3072,1484,5,0,
dreamcastpop,-1321,1853,NF,532,3213,433,636,16,
syaf106,-683,1865,NF,1182,3143,2154,663,18,
SnipinSully,-844,1865,NF,1021,2957,1730,407,1,
trevor_zmk,-2609,1888,NF,-721,3066,2276,578,0,
BuyMore_Condoms,-3860,1894,NF,-1966,3124,2483,427,0,
margweston,-1981,1912,NF,-69,3202,2218,87,11,
Faklasher,-1874,1919,NF,45,3191,2853,194,4,
churchmarquis,-1081,1925,NF,844,3120,794,204,0,
DNakkoud,-2182,1926,NF,-256,2343,2330,519,1,
blessedis_me,-1619,1927,NF,308,2810,1007,5,0,
butterflyburgos,-1661,1928,NF,267,2810,718,75,1,
Privitheus,-291,1929,NF,1638,1530,212,403,35,
rxmez,-2059,1933,NF,-126,3128,1309,367,0,
ClusterCOD,-1544,1935,NF,391,2993,140,256,15,
xDevin30,-2978,1941,NF,-1037,3174,2021,2616,5,
milksebaek,-881,1941,NF,1060,3146,2717,260,16,
banditcab,-2928,1944,NF,-984,3189,1634,107,0,
TashpointO0,-1796,1949,NF,153,2923,840,883,8,
_leannn2,-1667,1956,NF,289,3129,2749,1013,2,
drzevetchin,-1498,1958,NF,460,3132,2825,102,1,
Babthorpe,-2068,1959,NF,-109,2999,449,7,0,
seandoncito,-2143,1969,NF,-174,3202,1031,711,1,
Sanchezdalbert,-2379,1972,NF,-407,3204,279,836,2,
fisheyedmeenaxi,-1225,1975,NF,750,3203,3031,1632,1,
AGattoB_TCH16,-858,1977,NF,1119,3199,442,157,0,
secretmixerx,-543,1979,NF,1436,3194,2270,2132,2,
brk_news_now,-2875,1980,NF,-895,3203,0,304,0,
SAWINDERSINGH12,-2332,1983,NF,-349,3228,0,0,0,
pillowtaIkIjp,-1770,1986,NF,216,3197,1372,0,0,
Pass_Da_Canobis,-3073,1992,NF,-1081,3183,490,645,12,
teamleaa,-299,2004,NF,1705,2265,2064,298,0,
mahendrakdatu,-630,2006,NF,1376,2029,1943,5,0,
ReganWoodard,-1777,2009,NF,232,2986,1071,62,0,
Toowoomba_Info,-1839,2011,NF,172,2328,2178,982,0,
noellyjanice,-3621,2012,NF,-1609,3143,1919,58,0,
AyyRokaa,-2776,2025,NF,-751,3182,653,173,0,
Ayo_Antwan41,-2975,2026,NF,-949,3186,1203,1902,11,
Ugbaad_,-2136,2037,NF,-99,3180,694,379,0,
rissa__09,-2583,2040,NF,-543,3164,1213,901,0,
dream_chaser_10,-2181,2040,NF,-141,3210,479,370,0,
yogurl_skylar,-2379,2041,NF,-338,3166,2190,1239,0,
gavinparle,-1686,2044,NF,358,3203,197,340,11,
BethanyRaferty,-1926,2044,NF,118,3102,1110,1733,30,
ItsJillLokenDoe,-2181,2053,NF,-128,2927,1383,624,7,
svnnyxlne,-1091,2054,NF,963,3236,52,468,0,
kelslynna,-2636,2063,NF,-573,3203,721,430,13,
_caragordon,-1285,2067,NF,782,3142,1807,655,0,
Madaaaam_,-3167,2068,NF,-1099,3150,850,427,1,
FlockWithFlacko,-1571,2069,NF,498,3207,1047,643,0,
eft_finance,-532,2069,NF,1537,1998,240,533,23,
danikaharrod,-1065,2070,NF,1005,3184,543,27,0,
UppercutSlut,-2505,2072,NF,-433,2019,341,2100,3,
longliveniya,-2227,2072,NF,-155,2816,1033,74,0,
Rep_World_Peace,-4385,2074,NF,-2311,3213,1064,299,12,
adamfleming96,-3155,2076,NF,-1079,3190,623,172,1,
tumamilensi,-3048,2078,NF,-970,3161,2521,1206,5,
_anggithartiwi,-287,2078,NF,1791,3223,3180,330,0,
lexivalvo,-3032,2080,NF,-952,3170,1097,12,0,
KingTBerry,-1303,2089,NF,786,3209,839,713,6,
Nuubbiiaaa,-1310,2090,NF,780,3171,1194,588,0,
itslinamarie,-926,2096,NF,1170,2315,123,665,3,
msnosun,-750,2099,NF,1349,3186,1176,730,0,
Claire_Ros27,-210,2099,NF,1889,3185,3084,849,0,
nicoleplayer16,-2557,2100,NF,-457,2748,2146,59,0,
themust007,-2239,2102,NF,-137,3204,0,101,0,
Delossantosccp,-3688,2109,NF,-1579,2504,423,0,0,
FaithVelasc,-234,2131,NF,1897,3189,3080,0,0,
SGDinero97,-3546,2146,NF,-1400,3138,1834,3,0,
TEZY_T,-1779,2150,NF,371,3173,950,266,6,
IngridJCantu,-1811,2160,NF,349,3144,496,360,2,
mochekke,-1430,2161,NF,731,3185,608,1077,0,
6geauxdess,-1799,2164,NF,365,3158,1852,1636,190,
Adjoa_alldAy,-1521,2168,NF,647,2943,1472,489,1,
tonisheyasb,-2272,2190,NF,-82,3168,2100,267,1,
rochaiko,-2445,2195,NF,-250,3162,2320,137,1,
LukewarmCth,-1659,2196,NF,537,3197,1667,167,0,
Emclub7,-1409,2206,NF,797,3213,1479,688,24,
tbqueerh,-2210,2214,NF,4,2244,633,762,0,
Phawazz,-1853,2214,NF,361,3197,997,504,24,
arialldat,-2674,2230,NF,-444,3182,1285,874,1,
sunitanimbalkar,-142,2231,NF,2089,1549,1511,608,0,
BicPEN_,-2047,2237,NF,190,3218,798,20,0,
BarackObama_top,-1443,2240,NF,797,3224,0,149,2,
RatanLang,-1863,2242,NF,379,3216,577,119,0,
TheRealLumpen,-1055,2244,NF,1189,3226,1637,108,0,
alvaromontes725,-553,2245,NF,1692,3061,2560,564,0,
mr_solivigant,-2117,2252,NF,135,3221,1187,150,0,
itzel_mtz11,-2627,2254,NF,-373,3108,2118,461,5,
Carlos04185143,-747,2254,NF,1507,3155,3136,414,1,
19stavros81,-2771,2254,NF,-517,3158,2385,0,0,
CANNIBOOTY,-1483,2259,NF,776,3211,645,432,0,
BrandonKobe_,-1696,2259,NF,563,3233,2192,1316,7,
emogrl420,-4284,2261,NF,-2023,3186,1059,424,0,
Le_Tebz,-1625,2262,NF,637,3237,1379,673,49,
sugastahp,-1285,2269,NF,984,3187,2586,234,2,
abcdefgayy,-2993,2283,NF,-710,3147,892,56,9,
heyitsmeMARKKK,-465,2284,NF,1819,3172,532,509,36,
xobasura,-2024,2287,NF,263,3124,2715,713,0,
KyleChauvin,-1581,2288,NF,707,3144,1118,127,0,
MeganCauserx,-2262,2292,NF,30,3126,1828,465,1,
inejghvfa,-1485,2295,NF,810,3249,137,365,0,
BIGBaller___,-3788,2300,NF,-1488,3229,625,1696,0,
RaelDanny,-2615,2303,NF,-312,3238,0,351,0,
colbythecreator,-2783,2303,NF,-480,3121,1542,0,0,
holleymarvin123,-1150,2307,NF,1157,3234,1,182,39,
DapperDonDevin,-2443,2321,NF,-122,3180,1721,3229,0,
marissafierro,-1653,2331,NF,678,2724,1393,437,11,
charleybear7,-924,2348,NF,1424,3225,62,191,3,
x3_lilChocolate,-4619,2351,NF,-2268,3189,1142,2015,3,
SueHoll09387870,-1732,2351,NF,619,3210,3209,321,6,
YEHI209,-2367,2352,NF,-15,3160,583,0,0,
rachelbleh,-1796,2353,NF,557,3201,1594,898,0,
DelishFish,-270,2353,NF,2083,3228,1534,442,105,
Mhalia11,-248,2358,NF,2110,3201,2967,1679,0,
tvxqs_,-881,2368,NF,1487,3182,1946,218,0,
kvnyeshrug,-2704,2372,NF,-332,3174,2095,664,0,
STEVGDE,-1876,2387,NF,511,3170,845,554,0,
EmilyHara,-2028,2387,NF,359,3136,1522,653,1,
DianaMSharpton,-523,2405,NF,1882,3188,2812,166,0,
dOLLjayy,-3894,2411,NF,-1483,3146,764,7,0,
crueinvest,-750,2412,NF,1662,2653,130,868,0,
TheReelStevie_J,-2670,2418,NF,-252,3123,1304,3,2,
TechNewsTrend,-1433,2419,NF,986,3233,834,337,8,
MackNSweetJones,-5512,2423,NF,-3089,3228,401,0,0,
KateJ_10,-832,2427,NF,1595,2698,2520,1010,0,
tamiaraeleen,-2674,2428,NF,-246,3091,1062,35,0,
TheGunM4g,-1049,2432,NF,1383,2447,2405,314,3,
taylorenke_,-3262,2434,NF,-828,3099,2510,0,0,
CiscoEngineers,-374,2435,NF,2061,3239,16,230,7,
DawayneGadis,-2405,2449,NF,44,3222,351,34,0,
Anishinsan1,-177,2461,NF,2284,3489,2790,241,0,
wastevocals,-2196,2464,NF,268,3187,808,281,0,
HeatonJoleen,-2345,2464,NF,119,3242,198,253,23,
smearedeyes,-2126,2465,NF,339,3193,641,240,0,
rebeccawoford,-2451,2467,NF,16,3179,1409,1588,2,
ayeecarlito,-3018,2477,NF,-541,3157,15,369,2,
badettecornelia,-423,2478,NF,2055,1417,1122,703,0,
jennachiapas,-1396,2481,NF,1085,3239,1694,122,0,
KroarRadio,-323,2483,NF,2160,3221,0,629,8,
nursyxh,-1726,2489,NF,763,3127,1333,0,0,
neezussays,-2707,2499,NF,-208,3145,1230,311,1,
elardo_john,-204,2499,NF,2295,1974,1656,527,1,
nadaaax0,-2292,2503,NF,211,3171,1186,99,0,
MrBurnett4,-465,2503,NF,2038,2067,480,624,9,
ScarfFash,-2320,2507,NF,187,3214,326,361,5,
tanmanlaflaree,-3958,2514,NF,-1444,3056,884,0,0,
Nine_Inch_Beef,-2083,2541,NF,458,3124,1321,382,1,
AOL28,-497,2558,NF,2061,3209,1282,807,10,
moxyfruvous,-1536,2563,NF,1027,3219,169,77,14,
ellonor,-359,2564,NF,2205,3218,3194,1801,8,
hopeforever72,-1134,2567,NF,1433,3182,3056,4,0,
kavitac18,-164,2568,NF,2404,3245,2971,63,0,
joantanzuen,-1781,2572,NF,791,3060,1911,242,0,
EskimoKeleher,-1165,2574,NF,1409,3169,1662,686,0,
nath_harris7,-1161,2584,NF,1423,2774,1280,1235,0,
jasenty_x,-2178,2585,NF,407,3068,699,755,4,
LetsGoKato,-1539,2594,NF,1055,3235,777,702,1,
queenaleezy,-2358,2599,NF,241,3186,781,233,0,
lentoicortel,-884,2611,NF,1727,3025,1471,735,4,
kina_yanae15,-2955,2611,NF,-344,2870,1489,765,0,
mariahmendez__,-1265,2614,NF,1349,3122,1766,229,0,
alanalovee,-1807,2625,NF,818,3136,341,658,9,
UPSLongitudes,-773,2627,NF,1854,3230,286,1558,9,
NorburyEva,-1421,2636,NF,1215,3209,3208,214,0,
GenevaPang,-1013,2638,NF,1625,3219,3197,0,0,
norma_dunham,-1421,2644,NF,1223,3228,3227,0,0,
chloeebennett22,-1402,2651,NF,1249,2969,1052,0,0,
SarbjeetInsan1,-136,2657,NF,2521,3265,3216,356,0,
NormaBurton18,-1445,2659,NF,1214,3229,3228,5,0,
moblackrecords,-295,2669,NF,2374,3213,114,0,0,
zhnll98,-1449,2671,NF,1222,3230,1429,3,0,
meagbelline19,-1004,2671,NF,1667,2621,1784,668,3,
woolystyles,-1167,2675,NF,1508,3174,218,603,1,
kaybabbyyy,-1260,2677,NF,1417,3214,747,1537,116,
christinejbr_,-793,2679,NF,1886,3208,1393,687,3,
RowenaPabingwit,-263,2685,NF,2422,3233,3215,505,0,
NokeAnn,-1447,2688,NF,1241,3217,3216,6,0,
bxndhearts,-2016,2696,NF,680,3174,2230,0,0,
iamporgy,-2613,2710,NF,97,3173,2417,252,55,
LostAtSea96,-2160,2712,NF,552,3132,1141,189,0,
abelsniaz,-2498,2719,NF,221,3219,1511,451,0,
jimoanism,-1217,2720,NF,1503,3207,665,354,17,
Koroccann,-2602,2739,NF,137,3210,788,521,6,
syriasIy,-2356,2751,NF,395,3122,1009,825,1,
iHateDineshaa,-3276,2754,NF,-522,3215,1662,1151,3,
NareshI87476843,-160,2758,NF,2598,1277,1114,206,0,
fatimaxox1,-1103,2763,NF,1660,2443,2287,159,0,
claaassic_alex,-1520,2780,NF,1260,3173,1030,110,0,
ShannonSibbell,-782,2783,NF,2001,3208,3207,789,4,
SheilaBabington,-786,2819,NF,2033,3240,3239,0,0,
Kimmyjustsayinn,-3192,2837,NF,-355,3186,820,0,0,
extra_royalty,-757,2839,NF,2082,3234,2446,651,0,
jainmonjain2009,-308,2852,NF,2544,3183,2636,49,0,
lovettejam,-506,2881,NF,2375,3229,18,368,0,
wrestlingnomad,-966,2884,NF,1918,3222,488,0,0,
IamStevieAllen,-1299,2888,NF,1589,3201,1254,1515,0,
Eudogg,-2807,2890,NF,83,3157,724,1053,5,
djgeemix,-874,2890,NF,2016,3230,135,808,0,
ins_gaurav,-253,2900,NF,2647,3269,3190,75,0,
amit_chodhary,-186,2904,NF,2718,3265,3175,4,0,
bakerstreetbee,-1638,2916,NF,1278,3161,571,63,0,
wildflowxo,-3086,2933,NF,-153,3162,1282,1715,0,
abydarmz,-2840,2936,NF,96,3179,1713,390,1,
Eyyy_Flaca,-1689,2955,NF,1266,3184,183,557,7,
formvalidation,-304,2958,NF,2654,2934,1079,154,3,
theKTB,-1630,2978,NF,1348,3241,325,444,1,
akaShelbs,-3094,2994,NF,-100,3217,1103,955,0,
carlenefraser,-1711,2999,NF,1288,3137,1167,342,0,
soniaa242,-298,3000,NF,2702,3279,3217,1148,4,
RTfeet,-2470,3030,NF,560,3113,3101,0,0,
xskyhook,-2669,3031,NF,362,3131,1423,7,0,
SunilAshi,-129,3037,NF,2908,3274,3239,871,17,
nextto16,-2643,3039,NF,396,3159,542,0,0,
K_Smith_NZ,-2709,3048,NF,339,3201,54,194,18,
TrolleyMaushi,-590,3075,NF,2485,3082,1783,1959,65,
Ducks_P,-2420,3085,NF,665,3164,2117,76,0,
Crystal_Fishy,-291,3089,NF,2798,3159,3009,436,0,
xjayalex,-2050,3097,NF,1047,3231,400,92,0,
TheJhongTitle,-1200,3101,NF,1901,3222,543,961,108,
Jus_Stu,-1622,3127,NF,1505,3211,1656,299,8,
TayelfylorKloss,-1048,3139,NF,2091,3196,2254,198,0,
PureSoccerTV,-1620,3148,NF,1528,3246,0,204,16,
manicalIy,-1828,3154,NF,1326,3202,230,0,0,
highimlalonnie,-2466,3155,NF,689,3123,1589,1111,0,
nadine_roca,-2801,3162,NF,361,3206,2343,491,5,
caesquivel04,-1436,3165,NF,1729,3199,2235,86,0,
allybarronn,-1159,3167,NF,2008,2484,1007,277,0,
aj_emmanuel,-1770,3175,NF,1405,3120,1101,646,1,
boobearluvx,-1312,3178,NF,1866,3193,3082,168,0,
ArthaBliss,-526,3188,NF,2662,3190,3060,52,0,
tswiftandbands,-1234,3189,NF,1955,3167,1234,108,0,
misskrytti_x,-4275,3189,NF,-1086,3207,251,1193,93,
UpasanaGagan,-351,3190,NF,2839,3266,3212,251,0,
wanderlust1101,-616,3202,NF,2586,3192,1877,1,0,
honeylito17,-412,3228,NF,2816,3219,3213,68,0,
karlylemonroe,-1433,3246,NF,1813,3210,1327,0,0,
majesticoakley,-1206,3253,NF,2047,3175,575,1057,16,
Louiestowell,-1031,3264,NF,2233,3249,1229,1243,24,
joanna230687,-626,3285,NF,2659,3165,2817,1747,1,
nahbutsrsly,-1492,3330,NF,1838,3195,803,51,1,
TrendyHuman,-636,3346,NF,2710,3211,1833,1397,0,
WorldRugby7s,-310,3347,NF,3037,3237,611,100,0,
Idksok,-2198,3382,NF,1184,3143,1759,42,0,
FamilyFirstGlos,-698,3392,NF,2694,3204,3203,323,10,
Destinyuhva,-2518,3394,NF,876,3209,1953,0,0,
cel_1982,-496,3436,NF,2940,3165,3080,4,0,
singladeepak551,-204,3443,NF,3239,3258,3224,21,0,
sianroberts670,-685,3444,NF,2759,2959,2453,0,0,
BalrajInsan,-301,3452,NF,3151,3261,3129,324,3,
akash_emraan,-631,3459,NF,2828,3208,2230,33,0,
aussiesharapova,-1433,3462,NF,2029,3230,1501,681,1,
JaclynBradley,-1802,3464,NF,1662,3131,1926,473,2,
fannyy_babee,-3136,3501,NF,365,3151,2134,640,1,
Sentia_UK,-608,3548,NF,2940,3182,2970,358,2,
NorpolFootball,-1083,3574,NF,2491,3229,1807,5,0,
sailonnarry,-1136,3680,NF,2544,3192,2972,537,0,
syqinnygenes,-1118,3686,NF,2568,3152,424,33,0,
bricalver,-2038,3740,NF,1702,3213,0,1210,5,
Valentina_tina7,-303,3777,NF,3474,2427,522,0,0,
Ashi1Li,-2145,3809,NF,1664,3231,0,1829,0,
CelineDionFans2,-791,3825,NF,3034,3202,0,0,0,
blranderson,-2062,3845,NF,1783,2785,478,0,0,
cdamodel,-1158,3882,NF,2724,3197,134,495,2,
Fiona_Bruce,-1188,3945,NF,2757,2795,413,81,1,
SamsungSupport,-936,3947,NF,3011,3224,0,754,0,
YaGirlLoveMeBro,-524,4001,NF,3477,3215,14,3175,0,
Aabbbyy_,-1971,4013,NF,2042,3151,1710,2847,0,
Jackelyn_xx,-1473,4106,NF,2633,3129,1114,546,4,
ashtonthegoat,-3268,4107,NF,839,3199,286,961,4,
Taehyuns_ARMY,-1443,4112,NF,2669,3199,1963,897,202,
johnnyutah66,-1743,4173,NF,2430,3236,996,135,38,
IamCj005,-777,4180,NF,3403,3130,1196,1355,1,
KeiradonnachieX,-2026,4218,NF,2192,3166,380,1616,0,
AshiAkira,-1123,4237,NF,3114,3183,849,1403,3,
MontWildlife,-666,4340,NF,3674,3236,1065,1122,0,
Stockfiendz,0,4349,NF,4349,3232,0,209,0,
Mphoputini,-1071,4408,NF,3337,3242,946,0,0,
classi4u,-233,4499,NF,4266,3239,0,420,2,
JohnieRuess,-2331,4561,NF,2230,3244,420,0,0,
Jamaican_1luv,-1763,4654,NF,2891,3166,3041,0,0,
wildfreckle,-1332,4688,NF,3356,3243,1794,99,0,
axia_yoon,-724,4776,NF,4052,3197,3071,984,0,
MayliR,-970,4789,NF,3819,3221,305,11,1,
GabrielleWang,-1028,5061,NF,4033,3179,862,2350,0,
MarketThought1,-838,5290,NF,4452,3224,0,662,0,
SharanAdlem,-2866,6068,NF,3202,3208,2068,0,0,
craicallaic,-58,6359,NF,6301,3199,1,750,2,
rpillamaweather,-984,6476,NF,5492,3239,0,6,0,
SevenEasyWays,-558,6531,NF,5973,3204,5,0,0,
barbieriqkdwane,-1208,7402,NF,6194,3233,0,20,0,
UnkleAce,-1924,7913,NF,5989,3225,0,0,0,
ParsonsBrett2,-1270,12115,NF,10845,3213,686,0,0,
bre_snop,-414,13360,NF,12946,3115,3110,0,0,
essam71312,0,0,F,0,98,88,0,0,
daviddale35901,0,0,F,0,8,0,5,0,
bangerzaf,0,0,F,0,12,0,0,0,
austinmohr00,0,0,F,0,1,1,0,0,
alsgrl78,0,20,F,20,5,0,0,0,
ahhsahh,0,0,F,0,3,0,0,0,
__HAYOON,0,6,F,6,1161,115,16,0,
emilyho62038886,-1,6,F,5,5,5,0,0,
a_epic,-2,2,F,0,10,0,0,0,
falnelind,-3,36,F,33,148,51,43,5,
DevonNoutch,-3,0,F,-3,2,0,0,0,
crystalarachnid,-5,10,F,5,16,45,1,0,
FaZePryZee,-7,96,F,89,47,784,1404,13,
emmanicoleee__,-7,9,F,2,7,2,2,0,
AhmadNurRohman,-8,77,F,69,362,113,1086,0,
beatriz_bieber9,-9,26,F,17,267,190,55,0,
babcock_brianna,-9,18,F,9,15,1,0,0,
abieeamoez,-9,34,F,25,820,720,132,0,
1hashasi,-9,0,F,-9,103,94,1,0,
Are_U_Hungry,-10,11,F,1,13,20,23,1,
FadyOnsy2,-11,68,F,57,75,8,0,0,
andrew_thanks,-11,64,F,53,65,0,33,0,
Eduardo_Guedez,-14,35,F,21,35,97,7,0,
AboutIt_Tay,-14,97,F,83,2560,655,59,0,
CBiscuit116,-15,35,F,20,27,37,65,0,
exim_102,-17,51,F,34,3248,0,0,0,
aishanura,-20,11,F,-9,24,5,1,0,
ashishk199463,-22,34,F,12,81,1,3,0,
DecimusHilarius,-23,22,F,-1,18,6,0,0,
ASBuford,-24,106,F,82,167,59,0,0,
domingotrejo1,-25,29,F,4,176,2889,325,0,
dreahelfer,-26,151,F,125,204,51,22,0,
ashhleyserrano,-34,81,F,47,72,17,3,0,
ericstorey,-36,2,F,-34,23,0,32,0,
EllieHall8,-36,58,F,22,81,0,51,0,
CliftonCafe,-36,387,F,351,212,1,0,0,
Federiko21,-37,67,F,30,424,60,136,0,
ClairJee,-37,162,F,125,119,37,47,0,
BerdugoTamy,-37,2,F,-35,158,30,72,0,
_NYO9,-41,119,F,78,2408,1204,261,44,
balldontlie9,-43,164,F,121,1171,573,1009,1,
brhnita,-44,81,F,37,558,328,2488,0,
dstinodmocracia,-47,30,F,-17,285,132,69,0,
Fiafifu,-48,129,F,81,2371,2414,349,1,
Carpevinumblog,-54,831,F,777,2041,604,52,0,
almodawish,-60,26,F,-34,27,3,29,0,
CrystalKuehl,-62,472,F,410,241,161,87,0,
dudeblood,-63,84,F,21,137,1,18,0,
babydani16,-65,306,F,241,168,19,121,0,
davidclee818,-66,49,F,-17,92,0,3,0,
Anna8x8,-71,249,F,178,274,39,44,2,
Ellie_Macintyre,-72,237,F,165,259,181,196,1,
AuraPOPofficial,-76,393,F,317,239,6,10,0,
fashionbyrd,-83,175,F,92,165,320,546,2,
Becci_Chan,-86,57,F,-29,255,1,266,0,
adila145,-86,210,F,124,732,728,2,0,
dwellenstein,-87,5678,F,5591,1211,99,43,0,
aayush2101,-88,112,F,24,441,257,135,1,
AnaR915,-90,382,F,292,313,216,12,0,
dhegan17,-91,86,F,-5,143,150,431,7,
CayleeCake_,-93,200,F,107,221,129,69,0,
brookewaibel,-94,154,F,60,156,454,1176,0,
CroomPam,-96,567,F,471,448,255,61,0,
drina_was_here,-97,318,F,221,189,56,3,0,
EServanF,-98,88,F,-10,925,959,225,0,
aabnation,-98,155,F,57,199,98,84,0,
bambamtwins,-99,172,F,73,206,16,68,0,
chizu0611,-100,3507,F,3407,2994,1042,362,0,
__RAWood,-100,239,F,139,245,112,106,3,
elenacenteno3,-101,609,F,508,484,221,65,0,
CaliGamer87,-101,111,F,10,2441,1099,755,0,
belieberxx97,-102,977,F,875,600,1125,443,0,
AleeJb2000,-103,379,F,276,398,182,68,0,
fedesammartin,-115,13,F,-102,552,209,113,0,
CoffeySamantha9,-124,227,F,103,182,159,164,1,
AmErica_Murphy,-126,203,F,77,192,26,742,0,
Aakarsh_sree,-126,258,F,132,442,143,76,0,
clioweb,-127,417,F,290,437,507,1965,1,
catarinaiaraujo,-127,123,F,-4,2902,1471,235,3,
ConorTheKing,-128,394,F,266,325,76,209,0,
diaspradiptaa,-129,828,F,699,2408,1823,463,0,
Aleksandar_zevs,-132,276,F,144,2129,770,1426,9,
4everwine,-132,55,F,-77,1163,120,587,0,
AmiliaPermataS,-134,671,F,537,3121,357,554,0,
DeborahfromDetr,-141,159,F,18,184,468,358,0,
Drunkbrunettes,-144,126,F,-18,175,127,4,0,
BrownskinTee_1,-145,704,F,559,566,670,541,0,
ach_ayuneram,-149,548,F,399,3021,2577,198,0,
Fabio_Natali,-155,246,F,91,1458,1,2,0,
exoternal,-158,461,F,303,523,367,1100,23,
abaldonero,-159,1089,F,930,718,770,167,0,
aarold01,-169,284,F,115,470,443,219,2,
4x4_xtreme,-169,682,F,513,1550,1754,26,0,
EchosPolitique,-171,133,F,-38,2572,1081,32,1,
_NDubayan,-172,400,F,228,2698,604,1143,53,
AryaSetiadharma,-179,1802,F,1623,2289,2337,86,0,
DuarteS45,-180,128,F,-52,2811,2759,251,3,
difarmesa,-182,59,F,-123,791,95,117,1,
denistancl,-191,701,F,510,846,825,1,0,
BRUNOCANQUERINI,-192,186,F,-6,3135,806,673,1,
ArgentGuy,-193,245,F,52,278,105,140,0,
abby2012_abby,-193,242,F,49,227,76,121,1,
15turra,-193,913,F,720,972,515,339,0,
carlyjophillips,-196,381,F,185,487,183,226,0,
Dukong_taeng,-204,1024,F,820,1628,2285,398,3,
auliasantosa29,-205,590,F,385,3208,431,629,0,
BVBfansUK_NW,-218,851,F,633,813,497,274,0,
allie_catt13,-218,265,F,47,243,237,5,0,
cody_brewer,-220,563,F,343,496,246,283,0,
cissatimm,-220,99,F,-121,1702,236,792,0,
descubes,-222,277,F,55,1006,558,422,0,
CCUSABiz,-222,1361,F,1139,1584,0,0,0,
arrobalipee_,-222,39,F,-183,3056,754,299,0,
_Marseille,-222,370,F,148,435,434,767,4,
elliee_baynham,-252,171,F,-81,243,369,495,1,
aaronpc59,-256,144,F,-112,2314,1244,245,0,
Dizzie2k,-257,328,F,71,476,158,1447,0,
EnriquePoehlman,-258,268,F,10,1326,768,398,0,
ClementEmery,-266,111,F,-155,2258,1256,994,1,
ahmadniyzar_,-271,397,F,126,1982,676,747,7,
DanDanswilliams,-272,238,F,-34,401,408,212,3,
BlogdaTM,-279,70,F,-209,2935,27,20,0,
Admoretta,-284,33,F,-251,2193,389,1909,2,
AngelitaRam,-290,233,F,-57,2866,1189,2,0,
bthurm85,-295,305,F,10,477,430,1120,0,
1140miles,-297,440,F,143,403,186,123,3,
camiich1D,-298,265,F,-33,1656,1195,140,0,
erinurban,-301,775,F,474,746,1629,432,0,
Dino_Saur1,-303,742,F,439,765,940,515,1,
FaraahMA,-304,444,F,140,2793,1155,173,0,
ettbrowneyes,-304,835,F,531,1075,257,333,1,
Atiqah0505,-304,656,F,352,2883,573,1015,2,
eromerox13,-309,183,F,-126,300,191,18,0,
EspinalAngie,-316,181,F,-135,2521,1365,232,0,
anjeljaneh,-317,1304,F,987,1213,151,421,0,
bwisebw,-319,552,F,233,779,888,641,1,
bbcof83,-331,731,F,400,982,487,1233,3,
_iCelosa,-331,58,F,-273,1688,446,292,18,
AppealingManic,-341,823,F,482,1520,39,570,1,
ArielaMoreno,-349,237,F,-112,3237,0,6,0,
BelSeQueMeAmas,-350,183,F,-167,2008,1259,330,1,
eastersss,-355,588,F,233,767,218,132,1,
AnonDitto,-356,300,F,-56,400,459,18,1,
damnrainydays,-357,203,F,-154,259,84,148,1,
CupidStunt_,-358,485,F,127,473,314,1615,1,
dead_babyy,-359,503,F,144,2933,1176,393,26,
AinsleeValles,-366,396,F,30,355,2,0,0,
AvritMcCotter,-368,701,F,333,488,0,0,0,
AmandaJihan,-372,1143,F,771,3067,677,122,0,
AlexJimenezDj,-372,275,F,-97,3085,2053,211,0,
_Faraz,-376,623,F,247,803,793,91,2,
dygmln,-377,160,F,-217,2865,1368,933,12,
_NYOx,-379,597,F,218,1668,642,716,0,
alex35foot,-383,229,F,-154,2227,566,797,1,
emilystlawrence,-405,438,F,33,607,332,357,0,
AimaraGalarza,-412,54,F,-358,2921,1906,28,0,
DayleGifford,-415,637,F,222,570,418,1348,1,
BubuYezzi6,-417,53,F,-364,3071,860,544,30,
DJG1NUCS,-418,272,F,-146,2712,1018,578,2,
DMariette,-421,229,F,-192,3122,3029,102,0,
abraughler,-423,518,F,95,604,146,296,0,
akaasartule,-444,557,F,113,608,300,217,0,
AJHayez,-444,581,F,137,639,526,868,2,
carina_andrada,-457,58,F,-399,1804,2323,50,0,
cabreraelena5,-457,650,F,193,614,231,67,0,
cade_dallwitz1,-464,971,F,507,1769,1066,1074,6,
_AshleyMarie1,-466,1502,F,1036,1161,427,426,4,
AmandineHln,-471,248,F,-223,2967,1664,434,1,
94Fifty,-472,2782,F,2310,1915,890,488,2,
CarloosGaarza7,-478,253,F,-225,2927,1266,709,1,
connmack30,-480,465,F,-15,804,503,913,0,
beechEdesignz,-503,2920,F,2417,2962,1391,390,0,
CarlaA_13,-504,34,F,-470,2773,2019,322,0,
BEbee533,-509,769,F,260,687,129,119,4,
allenarayne,-514,875,F,361,715,763,201,1,
Brooklynnnn3,-515,365,F,-150,541,517,148,0,
believier,-515,849,F,334,2922,1983,271,1,
essmaxwell,-521,774,F,253,832,894,292,0,
_MVAN,-523,87,F,-436,3025,789,145,0,
BobLivingston,-524,1317,F,793,1874,398,242,11,
ashleigh_b2016,-524,1304,F,780,1453,1343,432,0,
CandisHooley,-530,725,F,195,578,1,0,0,
EnrichettaWarde,-539,752,F,213,571,0,0,0,
ChildersMorgan,-540,1788,F,1248,1475,740,246,0,
_Mx91,-540,2890,F,2350,2286,1235,1266,0,
badia420,-542,484,F,-58,2462,1491,1338,2,
DilenDeGuia,-543,2469,F,1926,3149,1826,599,73,
cl4ppyG,-550,298,F,-252,3005,54,1922,0,
andrewdaaboul,-565,705,F,140,1059,312,405,3,
chanel_merp,-570,1129,F,559,1303,164,864,0,
FikriFiq1,-576,1200,F,624,2493,2025,380,0,
dickclucas,-587,1220,F,633,1644,483,839,3,
ChaseEiland,-590,1580,F,990,794,232,1195,0,
_wadem,-613,2619,F,2006,1980,1605,326,2,
aida_almiron,-620,99,F,-521,3145,1104,472,0,
elliemcwilliams,-626,3395,F,2769,1760,842,1136,0,
camillalewis,-632,822,F,190,1236,260,1000,1,
anacristina1227,-638,723,F,85,3102,1430,502,2,
_Natykirsch,-641,106,F,-535,3040,1523,268,5,
amynmore,-662,2586,F,1924,2596,338,1807,24,
Axis22,-665,898,F,233,1183,367,1687,0,
Deluxe_922,-668,1316,F,648,2174,336,1267,24,
Alex_Siber,-668,1932,F,1264,1740,482,748,0,
bieberspige12,-672,2037,F,1365,1475,2681,321,0,
ConnelSage,-675,1912,F,1237,2161,625,1893,3,
chinedulopez,-679,1898,F,1219,1468,950,458,6,
_doreli_,-681,731,F,50,791,2415,124,2,
carolahuna,-686,867,F,181,901,325,382,0,
David_Nagy13,-691,2804,F,2113,2395,1745,308,0,
aSouthIndian,-694,2931,F,2237,2947,901,1408,0,
cervantestweets,-696,1335,F,639,1273,696,254,12,
AndrewHopkins15,-697,2383,F,1686,1855,389,700,0,
cathyca_,-701,409,F,-292,2862,2187,327,0,
chrisophren,-705,201,F,-504,1998,1117,632,1,
1DLittleSecret,-714,2030,F,1316,1876,511,632,75,
chelssawaya,-721,1481,F,760,1959,756,1012,0,
avecLamourCASSI,-725,1199,F,474,1750,827,995,3,
AsroyyAlcantara,-725,1173,F,448,2719,785,592,2,
cavechic,-744,1921,F,1177,1494,995,1536,1,
AmniiF_,-753,1125,F,372,3094,887,258,0,
angeurysm,-761,626,F,-135,924,497,494,4,
Christiana1114,-764,843,F,79,856,576,191,1,
CajsaJacobsen,-765,2716,F,1951,3236,1630,1545,1,
Big_ThUg31,-772,884,F,112,1127,784,276,0,
basedelena,-782,671,F,-111,859,398,117,0,
emmett_fox,-785,956,F,171,1561,408,1824,7,
Astrobrandology,-787,896,F,109,1543,979,52,0,
coughssparkles,-793,2087,F,1294,1954,449,785,0,
Ashleey_Dallas,-812,1984,F,1172,2576,1808,400,0,
afifaabdjalil,-817,1210,F,393,2829,1548,185,0,
danaalarbeed_,-818,1712,F,894,3042,487,385,0,
_romelie22,-819,1514,F,695,1761,1321,158,4,
czlivelovelaugh,-822,3988,F,3166,2977,2918,13,0,
behro00oz,-822,2393,F,1571,2514,6,3,0,
C_mentzer,-826,1176,F,350,1421,1041,188,4,
CorArdens,-829,2104,F,1275,2750,1216,701,15,
brblovingdemi,-835,3280,F,2445,3170,2590,94,0,
charsbusiness_,-839,2283,F,1444,3236,14,2965,0,
char_edney,-848,637,F,-211,1002,748,235,0,
AdamBressler,-851,1455,F,604,1615,334,856,10,
docktimus_prime,-855,1251,F,396,1393,809,842,0,
BizzleYonce,-859,927,F,68,1573,675,781,1,
FemiMykael,-861,1378,F,517,3091,127,453,0,
Ess_jay_pee,-861,961,F,100,1090,629,112,6,
2leftcheeks,-863,1144,F,281,1564,1190,149,0,
Christinaaa__xo,-873,1804,F,931,2344,972,538,0,
Alexandra__Rock,-885,1131,F,246,2417,1893,284,0,
ARTORICAL,-895,2247,F,1352,3016,2363,599,2,
ColeBlooded16,-907,800,F,-107,1169,478,1329,0,
austintucker47,-907,1372,F,465,1389,418,700,2,
CBiscuit213,-917,1098,F,181,1717,1947,70,1,
44,-928,1983,F,1055,2870,510,1279,3,
_chelllle_,-962,2448,F,1486,2940,1140,143,14,
aldisha_tamara,-993,1744,F,751,3126,1210,221,0,
_colvin,-995,1324,F,329,1378,1287,423,0,
danielleburgoyn,-999,695,F,-304,1203,542,484,0,
AndyWeldon1,-1014,1718,F,704,2120,1359,359,5,
ashleyrenee2291,-1035,1315,F,280,1568,525,417,0,
_BitchYouSEEMe,-1052,483,F,-569,1430,359,222,8,
eddyvera0,-1059,1089,F,30,1242,601,156,1,
BeneGae,-1096,2027,F,931,2798,1477,1030,10,
DarkheartUnique,-1097,1292,F,195,2563,395,1155,1,
ethanshumski4L,-1110,1389,F,279,1352,654,1179,0,
Billgateslove,-1127,1846,F,719,1892,356,111,0,
50ShadzofGold,-1129,1769,F,640,1450,313,833,0,
AlexandraTihane,-1131,1197,F,66,2360,2672,44,0,
carpedisdick,-1136,1074,F,-62,2294,1831,186,3,
angelgrimes36,-1137,2860,F,1723,3123,663,683,20,
Bankruptcy2mBoo,-1144,2668,F,1524,2554,2320,0,0,
Csereno_67,-1146,1675,F,529,1871,1031,1005,4,
_brianakelley,-1146,1796,F,650,2994,1177,899,3,
caparica1975,-1153,1204,F,51,3003,396,108,0,
4evercrazycool,-1164,3402,F,2238,2838,755,1194,0,
_Farad,-1177,1952,F,775,1930,425,622,0,
danicyarr,-1192,2338,F,1146,3161,838,1237,0,
EllieHammy,-1208,2089,F,881,2218,1264,82,0,
2CW,-1209,2675,F,1466,3126,2045,340,1,
ChriSaunders,-1226,1602,F,376,1511,321,743,0,
br_britni,-1252,1509,F,257,2381,1161,398,3,
emely_danielle_,-1262,1644,F,382,1727,140,254,1,
AyyCeci,-1264,1914,F,650,2627,983,455,3,
danielle4334,-1268,1946,F,678,2726,1691,369,13,
animaux__,-1273,1996,F,723,2075,927,745,0,
breendapillai_,-1280,2515,F,1235,2722,2181,249,0,
AarynMasangcay,-1307,905,F,-402,1505,306,459,1,
AbbieAdwell,-1311,2541,F,1230,2952,1501,475,4,
EmmaDarch,-1319,3199,F,1880,3202,2838,256,1,
AudreyTCarroll,-1319,2532,F,1213,2971,471,1628,106,
clpauwels,-1320,2868,F,1548,3063,281,910,2,
astrology_day,-1325,2499,F,1174,1904,0,0,0,
FearTheNando,-1333,1947,F,614,2933,878,492,0,
Baileeyylynnn,-1339,2431,F,1092,2599,1200,708,0,
dr_tatas,-1341,900,F,-441,1333,455,1025,3,
alexxthorntonn,-1350,2821,F,1471,3041,1035,1113,8,
BeckstromStacey,-1353,2436,F,1083,3132,1492,100,0,
cokegold,-1356,1979,F,623,2923,684,435,1,
Cjrussell6,-1363,298,F,-1065,1069,524,359,0,
DebiSnyder,-1364,2843,F,1479,3017,1662,877,13,
Ashley_W25,-1365,2708,F,1343,3019,1432,693,1,
anisajade_xx,-1409,1288,F,-121,1654,727,358,0,
cindyjuarez6,-1441,2147,F,706,2938,1176,586,8,
ChelsTopley,-1444,2390,F,946,2909,522,1368,0,
chifumnanyao,-1463,3553,F,2090,2907,1772,243,7,
arctichowll,-1467,3707,F,2240,3148,734,1139,0,
DrStrangeLove22,-1473,1714,F,241,3089,115,2988,5,
cARAbALSAM0,-1499,2444,F,945,3142,848,674,0,
becca_hoffman22,-1534,2000,F,466,2468,741,340,3,
emilykallas17,-1563,2902,F,1339,2911,2072,446,3,
ellie_keller21,-1592,2985,F,1393,2817,1919,171,1,
alexa_grant,-1598,1606,F,8,2679,1714,320,3,
_ziggystar,-1620,1863,F,243,2045,110,670,0,
chen_2911,-1626,1137,F,-489,2818,1001,989,0,
erin_jamieson,-1643,1872,F,229,1970,1055,491,0,
_tibbyyy,-1646,2820,F,1174,3087,817,796,1,
Becky__Patten,-1647,1818,F,171,2946,745,1113,0,
APM3141,-1650,1584,F,-66,2201,1118,38,1,
_SignedbyRie,-1680,1140,F,-540,1286,590,356,0,
awfullylost,-1681,1506,F,-175,2565,1932,223,14,
ahxinnn_,-1687,1245,F,-442,2782,691,924,2,
_gizzlybear,-1687,2458,F,771,3152,601,817,5,
AshMeLater__,-1706,2825,F,1119,2986,958,711,0,
chilll1d,-1711,2729,F,1018,2920,3173,4,0,
dreayaya_WGP,-1736,1684,F,-52,2043,593,1491,29,
D_Banx,-1757,3025,F,1268,3074,957,600,1,
ahhh_dee,-1757,1838,F,81,2976,1451,527,1,
_amysantillan,-1766,1540,F,-226,2540,2024,454,0,
ballislifesave,-1772,1360,F,-412,1601,184,222,0,
Claudiaahumada_,-1786,3022,F,1236,2859,2427,469,2,
2CC,-1793,1628,F,-165,2573,257,11,1,
AshleyChrysler,-1807,2251,F,444,2901,1437,486,2,
26,-1810,1800,F,-10,2669,951,1104,72,
cherrybombs_xo,-1829,2561,F,732,2969,262,1957,0,
Deena_Simon,-1838,1736,F,-102,2070,1121,342,0,
chinchilla_310,-1840,1427,F,-413,2759,1882,546,2,
falcondelta81,-1869,2250,F,381,3157,1261,435,0,
bowma02,-1881,2396,F,515,3057,136,562,0,
bengillam,-1887,3376,F,1489,3014,296,1978,0,
ChunkyCheek1,-1897,1833,F,-64,2803,1921,776,0,
alyssaclandez,-1938,3812,F,1874,2253,166,187,0,
Brooklynnn_R,-1942,2367,F,425,2450,642,922,2,
cwmpbb,-1944,1701,F,-243,2248,261,404,4,
charleyhallx,-1957,1608,F,-349,2943,956,935,4,
breezyclarkie,-1981,2130,F,149,2521,761,1096,15,
1k2,-1984,1580,F,-404,2521,1502,361,1,
briannamarselle,-1989,3503,F,1514,3119,690,801,0,
brookins13,-1992,3350,F,1358,3100,1027,825,9,
_Fabjr,-1997,1722,F,-275,2512,598,2191,30,
Elle_Anna_rose,-1998,2024,F,26,2743,2188,277,0,
dutchmaster_lex,-2009,3387,F,1378,3106,1552,502,2,
blairecap,-2024,1195,F,-829,1669,371,377,0,
bbcottt,-2031,2093,F,62,2690,749,865,3,
AyeeeBri,-2046,1878,F,-168,2827,1161,671,3,
BisettiVanessa,-2050,2235,F,185,2773,3074,34,0,
emilywoodford55,-2056,3373,F,1317,3107,588,882,4,
_NXMO,-2072,1587,F,-485,3001,1002,336,1,
AlexandraaCasoo,-2082,2077,F,-5,2575,1242,858,0,
DykeVanTom,-2083,1907,F,-176,2889,1435,502,0,
FaisalBasrah,-2084,2001,F,-83,3030,1206,549,1,
courrtsmithh,-2095,1997,F,-98,2456,2203,547,4,
DJCosmo7,-2098,2130,F,32,3241,0,0,0,
DoubleUp_Byrdie,-2137,2284,F,147,3084,192,691,0,
basedemily,-2150,2097,F,-53,2774,1452,155,3,
CheesyKev,-2190,2090,F,-100,2763,1672,451,9,
Bunnyloversyou,-2218,2840,F,622,3091,1347,415,1,
AmyWilkes15,-2220,1925,F,-295,2992,712,772,1,
DominickAzores1,-2254,2926,F,672,2991,2292,311,0,
_dani_ross,-2269,2925,F,656,3067,973,472,1,
crickwooder,-2358,2188,F,-170,2667,682,975,0,
cathi_serra,-2378,2917,F,539,3021,1678,111,0,
davidsting414,-2380,1880,F,-500,3202,1824,204,0,
briannazeyhnn,-2492,2658,F,166,3041,583,520,7,
_LuVa,-2531,1826,F,-705,2849,719,737,0,
Crafterxxx,-2558,2339,F,-219,2985,602,730,0,
Crabb90,-2558,2090,F,-468,3072,1105,1104,0,
CornellJones202,-2652,1490,F,-1162,2282,711,890,0,
_kissmarissa,-2654,2123,F,-531,2714,1271,597,24,
Benfellows7,-2722,2110,F,-612,2619,294,525,0,
bronXraised,-2726,2474,F,-252,2342,446,1318,0,
_Faavi,-2757,3770,F,1013,2999,447,785,0,
Emanwhale,-2832,1690,F,-1142,2799,1426,690,0,
_chellllle,-2842,2381,F,-461,3020,1832,131,0,
__bartonn,-2843,2977,F,134,2819,833,855,3,
Brand0n_Ellis,-2844,2145,F,-699,3158,427,1046,0,
dianaxtrejo,-2867,2298,F,-569,3049,1243,191,0,
carbine10101,-2954,2104,F,-850,2849,5,3213,0,
DThcknSexc1,-3030,2232,F,-798,3100,806,335,2,
DailyDoseOfDee,-3058,1695,F,-1363,2670,907,382,0,
__Junebugg,-3091,1982,F,-1109,3003,1786,239,0,
CynquettaDean,-3101,1985,F,-1116,3098,2092,84,0,
asssssston,-3263,3346,F,83,3137,780,918,6,
Autumnkylie1026,-3293,2322,F,-971,3096,702,809,1,
_loveeaij,-3356,2483,F,-873,2879,507,228,0,
Ale_carl36,-3478,1969,F,-1509,2684,1510,933,2,
_beatrizrivera,-3490,2239,F,-1251,2419,1116,549,0,
BLAC_MONA_LISA,-3618,2569,F,-1049,3182,252,327,2,
_ashleySoWhat,-3869,2678,F,-1191,3219,343,174,0,
__XIXVIII,-3887,2016,F,-1871,3084,1186,507,2,
AndrewHopkins16,-3888,3695,F,-193,3129,352,650,1,
____choppa,-4183,2630,F,-1553,3134,429,576,0,
Brooklynn_BK,-4254,3192,F,-1062,2886,696,637,0,
dopee_bitches,-4335,2690,F,-1645,3087,222,394,1,
