class,id,f0,f1,f2,f3,f4,f5,f6,f7,f8,f9
0,1,0.52,0,0,0.02,0.03,0.16,0.03,0.23,0,0
0,2,0.81,0,0,0.02,0.12,0.04,0,0,0,0
7,3,0,0,0,0,0,0.3,0,0.69,0,0
6,4,0.04,0,0,0.02,0,0.05,0.6,0,0.02,0.27
7,5,0.04,0,0,0.09,0.03,0.33,0.02,0.47,0.02,0
0,6,0.82,0,0,0.01,0.11,0.02,0,0.03,0,0
7,7,0.36,0.04,0,0.01,0.11,0,0.02,0.45,0,0
5,8,0,0,0,0,0.02,0.65,0,0.33,0,0
0,9,0.53,0,0,0,0.21,0.07,0.16,0,0.03,0
4,10,0.21,0.01,0,0,0.38,0.16,0.05,0.15,0.02,0
4,11,0.08,0,0,0.01,0.5,0.17,0,0.23,0,0
9,12,0,0,0,0,0,0,0,0,0,0.99
5,13,0.05,0.02,0,0.03,0.07,0.64,0.16,0.02,0,0
0,14,0.61,0,0,0,0.1,0.09,0,0.02,0.17,0
6,15,0.02,0.02,0,0,0.05,0.04,0.87,0,0,0
8,16,0,0,0,0,0.03,0.39,0,0.04,0.53,0
9,17,0,0,0,0,0,0,0,0,0,1.0
4,18,0,0.36,0,0.06,0.51,0,0,0,0.06,0
8,19,0,0.01,0,0,0,0.15,0,0,0.84,0
5,20,0.04,0,0,0,0.05,0.49,0.01,0.4,0,0
7,21,0.17,0,0,0,0.02,0.13,0.03,0.62,0.01,0
5,22,0,0,0,0,0,0.95,0,0.05,0,0
7,23,0,0,0,0,0,0.44,0,0.56,0,0
7,24,0,0,0,0,0,0.08,0,0.92,0,0
8,25,0,0.04,0,0.1,0,0,0,0,0.84,0.01
9,26,0,0,0,0,0,0.05,0,0.02,0,0.92
6,27,0.15,0.11,0,0,0.23,0.1,0.37,0.03,0.01,0
5,28,0,0,0,0.07,0,0.48,0,0.31,0.13,0
7,29,0.06,0,0,0,0,0,0,0.93,0,0
0,30,0.49,0.03,0.03,0.03,0.03,0.03,0.03,0.31,0.03,0.03
5,31,0.06,0.02,0,0,0.06,0.54,0.02,0.3,0,0
7,32,0.04,0,0,0,0,0.04,0,0.9,0,0
4,33,0,0,0,0.21,0.46,0,0.32,0,0,0
0,34,0.29,0.28,0,0.11,0.01,0.2,0.02,0,0.06,0.01
6,35,0.2,0.02,0,0,0.33,0,0.36,0.06,0.04,0
6,36,0.02,0,0,0.26,0.16,0.17,0.35,0.04,0,0
5,37,0.13,0,0,0,0.31,0.48,0,0,0.05,0.03
6,38,0.23,0.06,0,0.05,0.04,0.05,0.57,0,0,0
5,39,0.01,0,0,0,0.08,0.86,0.03,0,0,0
3,40,0,0,0,0.38,0.15,0.33,0.14,0,0,0
5,41,0.17,0.01,0,0.02,0.1,0.67,0,0.02,0,0
4,42,0.12,0.04,0,0.22,0.43,0.01,0.18,0,0,0
3,43,0.03,0,0,0.91,0,0.04,0,0.02,0,0
9,44,0,0,0,0,0,0,0.26,0,0,0.74
5,45,0,0,0,0,0,0.97,0,0.03,0,0
5,46,0.05,0,0,0.1,0,0.55,0.14,0.1,0.04,0
0,47,1.0,0,0,0,0,0,0,0,0,0
7,48,0.07,0,0,0.02,0.12,0.19,0.01,0.59,0,0
5,49,0.04,0,0,0,0.08,0.82,0.02,0.03,0,0
0,50,0.38,0,0,0.02,0.17,0.22,0.18,0,0.02,0
5,51,0,0,0,0,0.04,0.87,0,0.08,0,0
5,52,0,0,0,0,0,0.71,0,0.28,0,0
5,53,0.06,0.02,0,0,0.2,0.63,0.07,0,0.02,0
5,54,0,0,0,0,0,0.93,0,0.07,0,0
5,55,0,0,0,0,0,0.84,0,0.16,0,0
5,56,0.01,0,0,0.12,0.06,0.66,0.02,0.12,0,0
5,57,0.1,0.01,0,0,0.28,0.58,0,0,0.02,0
5,58,0,0,0,0.06,0.12,0.77,0.04,0,0,0
5,59,0.08,0.03,0,0.05,0.05,0.72,0,0,0.05,0.02
7,60,0,0,0,0,0,0,0,0.99,0,0
7,61,0.15,0,0,0,0,0.06,0,0.78,0,0
3,62,0.07,0,0,0.36,0.3,0,0.07,0,0.19,0
0,63,1.0,0,0,0,0,0,0,0,0,0
7,64,0,0,0,0,0,0.16,0,0.67,0.17,0
3,65,0.02,0,0,0.39,0.39,0.18,0,0.02,0,0
5,66,0.04,0,0,0,0,0.92,0,0,0.04,0
7,67,0,0,0,0,0.02,0.15,0,0.83,0,0
5,68,0.04,0,0,0,0.02,0.75,0.12,0.07,0,0
3,69,0,0,0,0.96,0,0,0.04,0,0,0
9,70,0.18,0,0,0.05,0.05,0.08,0.12,0.03,0.03,0.46
8,71,0,0,0,0,0,0.05,0,0,0.95,0
7,72,0.05,0.05,0.05,0.05,0.05,0.05,0.05,0.55,0.05,0.05
6,73,0,0.04,0,0.03,0.19,0,0.73,0,0,0
5,74,0,0,0,0,0,0.83,0,0.14,0,0.02
7,75,0,0,0,0,0,0.1,0,0.89,0,0
8,76,0,0.12,0.01,0,0.07,0.31,0,0.13,0.36,0
5,77,0,0,0,0,0,0.67,0,0.32,0,0
7,78,0,0,0,0,0,0.46,0,0.54,0,0
5,79,0,0,0,0,0,0.95,0,0.05,0,0
6,80,0.05,0.04,0,0.02,0.34,0.02,0.53,0,0,0
5,81,0,0.2,0,0.19,0,0.34,0.26,0,0,0
5,82,0.05,0.01,0,0,0.02,0.87,0,0.02,0.02,0
0,83,0.35,0.01,0,0,0.29,0.28,0.06,0,0,0
6,84,0.18,0.02,0,0.03,0,0.05,0.68,0,0.03,0
3,85,0.1,0,0,0.81,0.05,0,0,0,0.03,0
4,86,0,0,0,0,0.67,0,0.28,0,0,0.04
6,87,0.16,0,0,0,0,0,0.82,0.02,0,0
0,88,0.73,0,0,0.01,0.13,0.02,0,0.1,0,0
5,89,0,0,0,0,0,0.56,0,0.02,0.27,0.15
5,90,0,0,0.24,0,0,0.55,0,0.08,0.12,0
0,91,0.39,0,0,0,0.02,0.32,0,0.26,0,0
1,92,0,0.76,0,0,0,0,0,0,0.08,0.13
3,93,0,0,0,0.95,0,0,0,0.02,0,0.03
3,94,0.06,0,0,0.52,0,0.36,0,0.06,0,0
6,95,0.19,0.08,0,0.08,0.21,0.08,0.34,0,0.01,0
5,96,0.06,0.04,0,0,0,0.66,0.01,0.23,0,0
5,97,0,0,0,0,0,0.76,0,0.23,0,0
5,98,0.05,0,0,0,0.16,0.61,0.1,0.06,0,0
7,99,0.2,0,0,0,0.05,0.05,0,0.69,0,0
4,100,0,0.03,0,0.01,0.7,0,0,0,0.25,0
5,101,0,0,0,0,0,0.89,0,0.11,0,0
5,102,0.07,0,0,0,0.04,0.84,0,0.04,0,0
0,103,0.81,0,0,0.01,0.02,0.11,0,0.04,0,0
8,104,0,0,0,0,0.32,0,0.29,0,0.39,0
8,105,0,0,0,0,0,0,0,0,1.0,0
3,106,0,0.01,0,0.84,0,0.05,0,0,0,0.11
7,107,0.02,0,0,0,0.14,0.17,0,0.62,0.04,0
4,108,0.05,0,0,0.07,0.52,0.36,0,0,0,0
5,109,0.04,0,0,0,0.01,0.82,0.03,0.1,0,0
5,110,0,0,0,0,0,0.83,0,0.14,0.02,0
5,111,0,0.02,0,0.03,0.32,0.52,0.03,0.03,0.05,0
6,112,0,0,0,0,0,0,0.95,0,0,0
6,113,0,0,0,0,0.33,0.04,0.63,0,0,0
6,114,0.03,0,0,0.02,0.07,0.28,0.6,0,0,0
9,115,0,0,0,0,0,0,0.04,0,0,0.96
4,116,0,0,0,0.13,0.85,0.01,0,0,0,0
3,117,0.07,0,0,0.87,0,0,0.04,0,0,0
5,118,0.08,0.05,0,0.04,0.3,0.47,0,0,0.05,0
4,119,0.1,0.15,0,0.12,0.33,0,0.25,0,0.02,0.02
3,120,0.05,0.03,0,0.5,0,0.35,0.04,0,0,0.02
2,121,0,0,1.0,0,0,0,0,0,0,0
8,122,0,0,0,0.11,0,0.35,0.04,0.02,0.46,0
9,123,0,0,0,0,0,0,0,0,0,1.0
0,124,0.35,0,0,0,0.32,0.05,0.01,0.26,0,0.01
9,125,0,0,0,0,0,0,0,0,0,1.0
6,126,0,0,0,0,0,0.46,0.48,0,0,0
5,127,0.01,0.03,0,0,0.04,0.92,0,0,0,0
5,128,0,0,0,0.36,0.04,0.53,0,0.07,0,0
6,129,0.04,0.13,0,0,0,0.04,0.78,0,0,0
5,130,0.22,0,0,0,0.12,0.44,0.21,0.01,0,0
7,131,0.03,0,0,0,0.02,0.33,0.03,0.58,0,0
0,132,0.33,0,0,0,0.17,0.1,0.07,0.33,0,0
8,133,0,0,0,0,0,0,0,0,1.0,0
5,134,0,0,0,0,0.37,0.44,0,0.02,0.07,0.09
7,135,0.08,0,0,0,0,0.26,0.05,0.6,0,0
5,136,0,0,0,0.04,0,0.92,0,0.04,0,0
5,137,0.15,0,0,0.16,0.17,0.46,0,0.02,0.03,0
3,138,0,0.08,0,0.77,0,0.07,0,0,0,0.07
5,139,0.3,0,0,0.28,0.03,0.36,0,0.01,0,0.01
9,140,0,0,0,0,0,0,0,0,0,1.0
5,141,0.05,0.03,0,0,0.12,0.74,0.04,0.01,0,0
5,142,0,0,0,0,0,0.95,0,0.03,0,0
7,143,0.16,0,0,0,0,0,0,0.83,0,0
5,144,0.02,0,0,0,0.01,0.71,0.26,0,0,0
9,145,0.18,0,0,0.06,0.03,0.19,0,0,0.19,0.34
5,146,0.13,0,0,0,0,0.67,0,0.2,0,0
8,147,0,0,0,0,0.19,0.03,0,0,0.5,0.28
4,148,0.04,0.01,0,0.02,0.65,0.22,0.06,0,0,0
0,149,0.33,0.24,0,0.03,0.07,0,0.07,0,0,0.25
8,150,0,0,0,0,0,0.39,0,0.06,0.55,0
2,151,0,0,1.0,0,0,0,0,0,0,0
0,152,0.62,0,0,0.06,0.02,0.15,0,0.14,0,0
4,153,0.05,0.02,0,0.08,0.44,0.39,0,0.01,0,0
5,154,0,0,0,0,0.02,0.97,0,0,0,0
7,155,0.08,0.04,0,0,0.03,0.12,0,0.67,0,0.04
6,156,0.15,0.24,0,0,0.25,0.01,0.3,0,0.05,0
5,157,0.18,0.02,0,0,0.04,0.67,0,0.08,0,0
9,158,0,0,0,0,0,0,0,0,0,1.0
5,159,0.04,0,0,0,0.11,0.79,0.04,0.02,0,0
5,160,0,0,0,0,0,0.7,0,0.28,0,0
5,161,0.07,0,0,0,0.03,0.67,0.05,0.17,0,0
4,162,0.05,0,0,0,0.33,0.07,0,0,0.26,0.29
7,163,0,0,0,0,0.04,0.37,0,0.58,0,0
8,164,0,0,0,0,0.22,0.15,0,0,0.34,0.28
4,165,0,0,0,0,0.38,0.27,0,0.35,0,0
5,166,0.19,0,0,0,0.12,0.5,0.02,0.16,0,0
2,167,0,0,1.0,0,0,0,0,0,0,0
0,168,0.39,0,0,0.01,0.04,0.24,0,0.25,0.06,0
9,169,0,0,0,0,0,0.02,0,0.05,0,0.92
7,170,0.09,0,0,0,0.02,0.39,0.03,0.45,0,0
4,171,0.13,0.16,0,0,0.26,0.25,0.19,0,0,0
7,172,0.02,0,0,0,0.07,0.34,0.01,0.55,0,0
3,173,0,0,0,0.93,0,0,0,0.03,0,0.04
3,174,0.08,0,0,0.69,0.02,0.15,0,0.01,0,0.04
4,175,0.01,0.01,0.01,0.38,0.52,0.01,0.01,0.01,0.01,0.01
5,176,0.1,0,0,0.02,0.25,0.41,0,0.05,0.06,0.11
5,177,0,0,0,0,0,0.5,0,0.49,0,0
7,178,0.01,0,0,0,0,0.47,0,0.51,0,0
5,179,0,0,0,0,0,0.56,0,0.41,0.02,0
5,180,0,0,0,0,0.08,0.76,0,0.01,0.11,0.03
9,181,0,0,0,0,0,0,0,0,0,1.0
5,182,0.06,0,0,0,0.02,0.5,0,0.17,0,0.25
7,183,0,0,0,0,0,0.44,0,0.56,0,0
5,184,0,0,0,0,0,0.55,0,0.45,0,0
8,185,0,0.12,0,0,0.06,0,0.09,0,0.73,0
5,186,0.17,0,0,0,0.15,0.58,0,0.08,0,0
9,187,0,0,0,0.05,0,0,0,0,0,0.95
5,188,0.23,0,0,0,0.06,0.52,0.17,0.02,0,0
5,189,0.03,0,0,0,0.06,0.83,0,0.06,0,0
5,190,0.04,0,0,0,0.12,0.72,0,0.11,0,0
5,191,0.06,0,0,0,0,0.82,0,0.1,0,0
3,192,0.05,0,0,0.72,0.08,0.12,0,0.03,0,0
0,193,0.92,0,0,0,0,0,0,0.07,0,0
1,194,0,1.0,0,0,0,0,0,0,0,0
5,195,0.11,0,0,0.16,0.12,0.43,0.16,0.01,0,0
8,196,0.04,0,0,0.09,0.11,0.23,0.17,0.05,0.3,0
5,197,0,0.01,0,0,0.02,0.9,0,0.02,0.03,0
5,198,0.16,0.02,0,0,0,0.67,0.08,0.06,0,0
7,199,0.04,0,0,0.01,0.1,0.3,0,0.53,0,0
9,200,0,0,0,0,0,0,0,0,0,0.99
1,201,0,0.91,0,0.08,0.01,0,0,0,0,0
5,202,0,0,0,0.12,0,0.69,0,0.2,0,0
0,203,0.32,0.01,0,0,0.11,0.32,0.07,0.04,0.12,0
0,204,0.8,0.02,0,0,0,0,0,0.18,0,0
8,205,0,0,0,0,0,0.08,0,0.19,0.5,0.22
0,206,0.71,0,0,0.04,0.09,0.14,0,0.02,0,0
3,207,0.04,0,0,0.67,0.09,0.17,0,0.01,0.01,0
9,208,0.02,0.31,0.02,0.2,0.02,0.02,0.02,0.02,0.02,0.37
0,209,0.31,0.09,0,0,0,0.3,0.28,0,0,0.03
5,210,0.01,0,0,0,0.05,0.79,0,0.15,0,0
5,211,0,0,0,0,0,0.9,0,0.1,0,0
8,212,0.01,0,0,0,0.27,0,0,0,0.7,0
8,213,0,0.31,0,0,0,0,0,0,0.5,0.19
7,214,0.03,0,0,0.28,0.05,0.1,0.01,0.43,0.09,0
7,215,0,0,0,0,0,0.36,0,0.64,0,0
7,216,0,0,0,0,0,0.03,0,0.97,0,0
5,217,0.05,0,0,0,0.15,0.65,0.02,0.13,0,0
4,218,0,0,0,0,0.69,0,0,0.3,0,0
5,219,0.18,0,0,0.01,0.14,0.6,0.01,0.05,0,0
5,220,0.07,0,0,0,0.02,0.69,0,0.21,0,0
5,221,0.01,0,0,0,0.02,0.86,0,0.09,0.02,0
7,222,0,0.01,0,0,0.04,0.28,0,0.64,0.02,0
6,223,0,0.05,0.01,0.12,0,0,0.82,0,0,0
8,224,0,0,0,0.02,0.2,0,0,0,0.78,0
6,225,0.13,0.06,0,0.03,0.03,0,0.74,0,0.01,0
5,226,0.03,0.02,0,0.01,0,0.36,0.15,0.17,0.26,0
9,227,0,0,0,0,0,0,0,0,0,1.0
8,228,0,0,0,0,0,0,0,0,1.0,0
3,229,0,0,0,0.99,0,0,0,0,0,0
7,230,0,0,0,0,0,0.45,0,0.55,0,0
4,231,0.02,0,0,0,0.4,0.33,0.24,0,0,0
4,232,0.1,0.03,0,0.02,0.79,0,0,0,0.04,0.02
5,233,0.03,0.02,0,0,0,0.82,0.08,0.03,0.01,0
5,234,0.04,0.01,0.13,0.02,0.04,0.53,0,0.04,0.18,0
4,235,0.19,0.01,0,0.19,0.52,0,0,0.08,0.01,0
1,236,0.04,0.39,0,0.03,0.15,0.26,0,0.09,0.02,0
4,237,0,0,0,0.24,0.61,0.13,0.01,0,0,0
6,238,0.15,0.07,0,0.03,0,0,0.47,0,0.04,0.25
7,239,0,0,0,0,0.03,0.05,0,0.9,0,0
9,240,0,0,0,0,0,0,0,0,0,1.0
4,241,0.13,0.05,0,0.25,0.39,0.15,0.02,0,0,0
5,242,0,0.14,0,0,0.07,0.6,0.16,0,0,0
7,243,0.11,0,0,0,0,0.32,0.05,0.49,0.02,0
6,244,0,0.15,0,0,0,0,0.85,0,0,0
2,245,0,0,1.0,0,0,0,0,0,0,0
8,246,0.02,0.01,0,0,0.35,0.04,0,0,0.55,0.01
5,247,0,0,0,0,0.07,0.56,0.02,0.35,0,0
0,248,0.54,0,0,0.03,0.11,0.1,0,0.22,0,0
8,249,0,0,0,0,0,0.41,0,0.1,0.49,0
0,250,0.46,0,0,0.35,0.15,0,0,0,0.04,0
5,251,0,0,0,0,0.01,0.86,0,0.11,0,0
2,252,0,0,1.0,0,0,0,0,0,0,0
5,253,0,0,0,0,0.07,0.65,0,0.08,0.02,0.18
6,254,0,0.03,0,0,0.18,0,0.79,0,0,0
8,255,0.02,0.03,0,0.13,0,0.03,0,0.02,0.76,0
7,256,0,0,0,0,0.13,0.29,0.14,0.4,0.04,0
5,257,0.35,0.02,0,0.01,0.03,0.44,0.1,0.04,0,0
5,258,0,0,0,0,0,0.92,0,0.07,0,0
9,259,0,0.21,0,0.08,0.09,0.06,0,0,0,0.57
5,260,0,0,0,0.02,0,0.68,0.02,0.27,0,0
5,261,0.07,0,0,0,0.1,0.63,0.02,0.18,0,0
8,262,0,0.17,0,0.05,0,0,0,0,0.74,0.03
0,263,0.3,0.05,0,0,0.29,0.23,0.08,0.03,0.01,0
9,264,0,0.05,0,0.1,0,0,0.03,0,0,0.82
8,265,0,0.04,0,0,0,0,0,0,0.96,0
4,266,0,0.01,0,0,0.26,0.26,0.15,0.05,0.25,0
5,267,0.09,0.02,0,0,0.09,0.77,0,0.04,0,0
4,268,0.04,0.01,0,0,0.76,0.18,0,0,0,0
6,269,0.04,0,0,0.01,0,0,0.95,0,0,0
4,270,0.02,0.1,0,0,0.56,0.1,0.04,0.14,0.03,0
9,271,0.09,0,0,0.02,0.21,0.11,0.09,0.02,0.01,0.45
4,272,0,0,0,0,0.4,0.37,0.02,0.2,0,0
5,273,0,0.05,0,0,0.03,0.86,0,0.03,0.03,0
1,274,0.42,0.5,0.01,0.01,0.01,0.01,0.01,0.01,0.01,0.01
5,275,0,0,0,0,0,0.75,0,0.04,0.16,0.05
5,276,0,0,0,0,0.01,0.65,0.04,0.29,0,0
2,277,0,0.08,0.78,0,0.14,0,0,0,0,0
7,278,0.03,0,0,0.01,0.15,0,0,0.7,0.1,0
5,279,0,0,0,0,0,0.65,0,0.33,0,0
5,280,0.07,0,0,0,0.01,0.79,0,0.12,0,0
5,281,0,0,0,0,0.04,0.68,0.03,0.04,0.22,0
0,282,0.58,0,0,0,0.11,0.1,0,0.2,0,0
0,283,0.43,0,0,0.01,0.22,0.24,0.09,0.01,0,0
5,284,0.17,0,0,0,0.03,0.32,0.17,0.18,0.11,0
0,285,0.42,0,0,0,0,0.37,0,0.2,0,0
7,286,0,0,0,0,0,0.35,0,0.65,0,0
5,287,0,0.02,0,0,0.01,0.7,0,0.09,0.07,0.1
6,288,0,0,0,0,0.2,0,0.72,0,0.08,0
9,289,0,0,0,0,0,0,0,0,0,1.0
9,290,0,0,0,0,0,0,0,0,0,1.0
5,291,0,0,0,0,0.06,0.72,0,0.04,0.13,0.06
3,292,0,0,0,0.8,0.04,0,0.15,0,0,0
5,293,0.03,0.03,0.03,0.03,0.03,0.48,0.32,0.03,0.03,0.03
5,294,0.01,0,0,0.29,0.12,0.54,0,0.04,0,0
4,295,0,0,0,0,0.9,0.04,0,0,0.05,0
4,296,0.23,0.01,0,0.03,0.29,0.15,0.02,0,0.01,0.27
4,297,0,0.03,0,0,0.97,0,0,0,0,0
7,298,0.05,0.05,0.05,0.05,0.05,0.05,0.05,0.55,0.05,0.05
4,299,0.06,0,0,0.03,0.48,0.26,0,0.17,0,0
6,300,0.07,0,0,0,0,0,0.9,0,0.03,0
6,301,0,0,0,0,0.23,0,0.74,0,0.03,0
8,302,0,0,0,0,0,0,0,0.07,0.92,0
9,303,0,0,0,0,0,0,0.18,0,0.17,0.61
7,304,0,0,0,0,0,0,0,0.99,0,0
6,305,0.02,0,0,0.04,0.04,0.39,0.47,0.04,0,0
0,306,0.51,0,0,0.01,0.11,0.19,0.14,0,0.02,0
5,307,0,0,0,0,0.02,0.78,0,0.03,0.17,0
8,308,0,0,0,0.23,0,0,0,0,0.74,0.02
8,309,0,0,0,0,0,0.18,0,0,0.54,0.27
0,310,0.57,0,0,0,0,0.03,0,0.38,0,0
5,311,0,0,0,0.07,0.17,0.65,0.05,0.05,0,0
0,312,0.57,0,0,0,0,0,0,0,0,0.42
5,313,0,0,0,0,0,0.89,0,0.11,0,0
5,314,0.06,0,0,0.12,0,0.57,0,0.23,0,0
5,315,0,0,0,0,0.28,0.71,0,0,0,0
8,316,0,0,0,0,0,0.06,0.02,0.01,0.92,0
5,317,0,0,0,0,0.02,0.66,0.03,0.26,0.03,0
0,318,0.6,0.34,0,0,0,0,0,0,0,0
5,319,0.04,0,0,0,0,0.51,0,0.44,0,0.01
5,320,0,0,0,0.09,0.2,0.49,0,0.02,0.19,0
8,321,0,0.18,0,0.01,0.29,0,0,0,0.51,0
0,322,0.36,0,0,0,0.02,0.07,0.21,0.31,0.01,0
0,323,0.36,0,0,0.02,0.23,0.27,0.02,0.1,0,0
5,324,0,0.02,0,0,0.11,0.57,0,0.04,0.17,0.1
5,325,0,0,0,0,0.33,0.4,0,0.27,0,0
5,326,0,0,0,0,0,0.89,0,0.1,0,0
6,327,0.04,0,0,0,0,0.02,0.91,0,0.02,0
2,328,0,0,1.0,0,0,0,0,0,0,0
0,329,0.44,0.14,0,0,0.12,0,0.02,0.26,0,0
5,330,0.02,0,0,0,0.04,0.46,0.02,0.45,0,0
5,331,0,0,0,0.02,0.04,0.88,0.03,0.01,0,0
6,332,0.13,0,0,0,0.05,0.12,0.66,0.03,0.01,0
8,333,0,0,0,0,0,0,0,0.03,0.97,0
5,334,0.22,0,0,0,0.05,0.49,0.03,0.2,0,0
5,335,0,0,0,0,0,0.97,0,0.02,0,0
5,336,0,0,0,0,0,0.6,0,0.4,0,0
7,337,0.04,0.03,0,0,0.15,0.32,0,0.44,0.02,0
3,338,0,0,0,0.53,0.44,0,0,0,0.04,0
7,339,0.03,0.03,0.03,0.03,0.03,0.03,0.03,0.7,0.03,0.03
3,340,0.01,0,0,0.61,0.01,0.19,0,0.13,0.04,0
9,341,0,0,0,0,0,0,0,0,0,1.0
7,342,0.15,0,0,0,0.01,0.03,0,0.54,0.26,0
5,343,0,0,0,0,0,0.71,0,0.29,0,0
5,344,0.01,0.01,0.01,0.01,0.01,0.62,0.27,0.01,0.01,0.01
7,345,0.18,0.02,0,0.03,0.08,0.01,0.05,0.59,0.04,0
8,346,0,0.12,0,0,0,0,0.03,0,0.85,0
5,347,0,0,0,0,0,0.46,0.04,0.38,0.12,0
7,348,0.15,0,0,0,0,0.02,0,0.83,0,0
5,349,0.17,0.01,0,0,0.11,0.58,0.03,0.09,0,0
7,350,0.05,0.05,0.05,0.05,0.05,0.05,0.05,0.55,0.05,0.05
7,351,0.14,0,0,0,0,0,0,0.85,0,0
5,352,0.02,0.22,0,0,0,0.67,0.06,0.02,0,0
5,353,0,0,0,0.06,0.15,0.79,0,0,0,0
4,354,0.17,0.03,0,0.08,0.45,0.02,0.02,0.24,0,0
6,355,0.03,0.04,0,0,0,0,0.93,0,0,0
8,356,0,0,0,0,0.29,0.08,0,0,0.5,0.13
7,357,0,0,0,0,0.06,0.04,0.03,0.85,0,0
5,358,0,0,0,0,0,0.71,0,0.23,0.06,0
3,359,0.2,0,0,0.34,0.03,0.33,0.02,0.07,0,0
5,360,0,0,0,0,0,0.87,0,0.13,0,0
9,361,0,0,0,0,0,0.31,0,0.04,0,0.65
5,362,0,0,0,0,0,0.56,0,0.42,0,0
5,363,0.24,0.01,0,0.01,0,0.65,0.06,0.01,0,0
5,364,0,0,0,0,0,0.85,0,0.15,0,0
7,365,0.05,0.05,0.05,0.05,0.05,0.05,0.05,0.55,0.05,0.05
5,366,0,0.22,0,0,0,0.73,0,0,0,0
9,367,0,0,0,0.06,0,0,0,0,0,0.94
5,368,0.14,0,0,0,0.02,0.49,0.26,0.09,0,0
5,369,0,0,0,0.05,0.08,0.83,0.02,0.02,0,0
2,370,0,0,1.0,0,0,0,0,0,0,0
6,371,0.24,0.07,0,0.14,0,0,0.53,0,0,0
7,372,0.23,0,0,0,0.01,0.07,0.03,0.64,0,0
8,373,0,0.02,0,0,0.21,0.12,0.08,0,0.56,0
4,374,0,0,0,0,0.62,0.36,0,0.01,0,0
6,375,0.01,0.09,0,0,0,0,0.62,0,0,0.28
7,376,0.38,0,0,0,0.02,0.06,0,0.54,0,0
6,377,0,0.04,0,0,0.26,0,0.7,0,0,0
4,378,0.01,0,0,0.14,0.67,0.1,0,0.08,0,0
1,379,0,0.54,0,0,0,0,0.46,0,0,0
4,380,0.2,0,0,0,0.45,0.3,0.03,0.01,0.01,0
4,381,0,0,0,0,1.0,0,0,0,0,0
5,382,0.11,0,0,0,0.07,0.62,0.15,0.04,0,0
8,383,0,0,0,0,0,0.05,0,0,0.95,0
9,384,0.12,0,0,0.19,0,0,0.01,0,0,0.68
6,385,0.13,0,0,0,0.12,0.11,0.62,0.02,0,0
7,386,0,0,0,0,0,0.46,0,0.53,0,0
8,387,0,0,0,0,0,0.38,0,0,0.61,0
3,388,0.23,0,0,0.38,0,0.09,0.05,0.19,0.05,0
0,389,0.65,0,0,0,0.03,0,0.04,0.28,0,0
6,390,0,0,0,0,0,0,1.0,0,0,0
5,391,0.07,0,0,0.16,0.26,0.43,0.07,0,0,0
4,392,0,0.09,0,0.35,0.42,0,0.07,0,0.06,0
6,393,0.05,0,0,0.29,0.01,0.17,0.32,0.02,0.14,0
5,394,0,0,0,0,0,0.91,0,0.02,0.06,0
7,395,0.05,0.05,0.05,0.05,0.05,0.05,0.05,0.55,0.05,0.05
5,396,0,0,0,0,0.02,0.68,0.09,0.19,0,0
9,397,0.02,0.02,0.02,0.02,0.02,0.02,0.02,0.02,0.02,0.85
7,398,0,0,0,0,0,0.11,0,0.87,0,0
3,399,0,0.03,0,0.75,0,0.13,0,0.02,0.02,0.04
8,400,0,0.03,0.01,0,0.15,0.02,0,0,0.78,0
5,401,0.02,0,0,0,0.02,0.92,0,0.03,0,0
6,402,0,0.14,0,0,0,0.05,0.59,0.02,0.21,0
1,403,0.14,0.4,0,0.1,0,0.09,0.15,0,0.11,0.02
0,404,0.46,0,0,0,0.06,0.33,0,0.12,0.02,0
5,405,0,0,0,0,0.03,0.85,0.01,0.09,0.01,0
7,406,0.05,0.05,0.05,0.05,0.05,0.05,0.05,0.55,0.05,0.05
7,407,0,0,0,0,0.35,0.25,0,0.4,0,0
9,408,0.01,0.11,0,0,0.1,0.21,0.01,0,0.06,0.5
5,409,0,0,0,0,0.16,0.81,0,0.03,0,0
7,410,0.36,0,0,0,0.1,0.04,0,0.5,0,0
0,411,0.74,0.05,0,0,0.2,0,0.01,0,0,0
7,412,0,0,0,0,0.42,0,0.02,0.56,0,0
9,413,0,0,0,0,0,0,0.03,0,0,0.97
5,414,0.03,0,0,0,0.02,0.74,0,0.2,0,0
5,415,0,0,0,0.09,0.35,0.52,0.03,0,0,0
2,416,0,0,0.47,0,0,0.08,0,0.25,0.2,0
0,417,0.42,0,0,0.03,0,0,0.02,0.02,0.21,0.28
5,418,0,0,0,0.04,0.09,0.81,0.05,0,0,0
8,419,0,0,0,0.01,0.42,0.08,0,0,0.49,0
5,420,0,0,0,0,0.05,0.93,0,0,0,0
5,421,0,0,0,0,0,0.48,0,0.09,0.43,0
5,422,0,0,0,0,0,0.51,0,0.49,0,0
4,423,0,0,0,0.05,0.63,0,0.29,0,0.02,0
8,424,0,0,0,0,0.42,0,0,0,0.57,0
7,425,0.03,0,0,0,0.02,0.03,0,0.84,0.05,0.03
1,426,0.01,0.69,0,0.1,0.02,0,0,0,0.18,0.01
0,427,0.54,0,0,0,0.05,0.14,0,0.27,0,0
0,428,0.71,0,0,0.02,0.19,0.06,0,0,0.02,0
9,429,0,0,0,0,0,0.08,0,0.19,0,0.73
5,430,0.17,0,0,0.01,0.13,0.47,0.02,0.19,0,0
5,431,0,0,0,0,0,0.83,0,0.16,0,0
0,432,0.71,0.04,0,0.06,0,0,0.18,0,0,0.01
7,433,0,0,0,0,0,0.28,0,0.71,0,0
5,434,0.02,0.02,0,0,0,0.44,0.02,0.18,0.02,0.31
9,435,0.06,0.12,0,0,0,0,0,0,0,0.81
0,436,0.42,0.14,0,0.14,0.02,0,0,0,0.04,0.26
0,437,0.57,0.02,0,0,0.01,0,0,0.39,0,0
4,438,0.03,0,0,0,0.53,0.11,0.32,0,0.01,0
5,439,0.03,0.03,0.03,0.03,0.03,0.7,0.03,0.03,0.03,0.03
9,440,0.03,0.04,0,0.02,0,0,0.21,0,0,0.7
6,441,0,0.23,0,0,0.13,0.04,0.59,0,0,0
8,442,0,0.26,0,0,0,0,0,0,0.74,0
6,443,0,0,0,0.01,0,0,0.99,0,0,0
8,444,0,0,0,0,0,0,0.37,0,0.58,0.04
0,445,0.6,0.02,0,0,0.09,0.14,0.1,0.05,0,0
0,446,0.99,0,0,0,0,0,0,0,0,0
4,447,0.04,0,0,0,0.67,0,0,0.22,0.07,0
6,448,0.1,0.03,0,0.04,0.33,0.1,0.36,0.01,0.03,0
8,449,0,0,0,0.13,0,0,0,0,0.6,0.27
5,450,0.09,0.03,0,0.02,0.37,0.39,0.1,0,0,0
5,451,0,0,0,0,0.2,0.55,0,0.24,0,0
5,452,0,0,0.02,0,0,0.8,0,0.1,0.08,0
5,453,0,0,0,0,0.13,0.59,0,0.01,0.01,0.24
7,454,0.05,0.05,0.05,0.05,0.05,0.05,0.05,0.55,0.05,0.05
7,455,0.16,0,0,0,0,0.02,0,0.82,0,0
5,456,0.03,0,0,0,0.02,0.51,0.03,0.4,0,0
5,457,0.05,0,0,0,0.21,0.72,0,0,0,0
5,458,0.05,0,0,0.32,0.07,0.39,0.01,0.15,0,0
6,459,0,0,0,0,0.06,0.02,0.78,0,0.13,0
5,460,0.06,0,0,0.03,0.18,0.7,0,0.02,0,0
5,461,0.02,0,0,0,0.05,0.49,0,0,0.1,0.34
5,462,0,0,0,0,0.1,0.61,0.01,0.28,0,0
5,463,0.08,0.01,0,0.08,0.19,0.61,0,0,0.02,0
5,464,0.09,0,0,0.04,0.07,0.61,0.01,0.07,0.06,0.03
7,465,0.02,0,0,0,0.02,0.26,0,0.7,0,0
7,466,0,0,0,0,0,0,0,1.0,0,0
5,467,0,0,0,0,0,0.74,0,0.26,0,0
7,468,0.19,0,0,0,0,0.16,0,0.64,0,0
7,469,0.2,0,0,0,0.02,0.06,0,0.72,0,0
5,470,0,0,0,0,0.44,0.55,0,0,0,0
4,471,0.02,0.01,0,0.04,0.53,0.15,0.06,0.03,0.16,0
5,472,0,0.02,0,0,0.03,0.68,0,0.13,0.14,0
6,473,0.1,0.05,0,0,0.16,0,0.6,0,0.08,0
5,474,0.2,0.03,0,0.02,0.2,0.33,0.2,0,0,0
5,475,0,0,0,0,0,0.89,0,0.08,0.03,0
9,476,0.18,0,0,0,0.12,0.32,0,0,0.04,0.34
5,477,0.23,0.01,0,0,0.16,0.53,0,0.05,0.01,0
0,478,0.98,0,0,0,0,0,0,0,0.01,0
1,479,0.03,0.77,0,0.08,0,0,0.12,0,0,0
5,480,0.04,0,0,0,0,0.58,0.04,0.33,0,0
7,481,0.27,0,0,0,0,0.07,0,0.66,0,0
5,482,0.03,0.02,0,0.12,0.36,0.43,0,0,0.03,0
5,483,0.33,0,0,0,0.04,0.53,0.04,0.04,0,0
7,484,0.01,0.08,0,0,0,0,0,0.65,0.26,0
4,485,0.1,0,0,0,0.38,0.07,0.31,0.14,0,0
8,486,0,0,0,0,0,0,0,0,0.98,0.02
7,487,0.24,0,0,0,0,0.11,0,0.64,0,0
5,488,0.21,0,0,0.02,0.1,0.58,0.06,0.05,0,0
7,489,0.05,0.05,0.05,0.05,0.05,0.05,0.05,0.55,0.05,0.05
6,490,0,0,0,0.11,0.04,0.25,0.4,0.06,0.14,0
5,491,0.04,0.03,0,0,0.13,0.77,0,0,0.02,0
9,492,0.07,0.06,0,0,0.17,0.32,0,0,0,0.37
4,493,0,0,0,0,0.99,0,0,0,0,0
8,494,0,0,0,0,0,0.25,0,0,0.75,0
5,495,0.01,0.02,0,0.1,0.1,0.67,0.1,0,0,0
9,496,0,0,0,0,0,0,0,0,0,1.0
7,497,0,0,0,0,0,0.36,0,0.63,0,0
8,498,0,0,0.07,0,0,0,0,0.02,0.89,0.02
5,499,0.07,0,0,0,0.02,0.82,0,0.08,0,0
5,500,0,0,0,0.02,0.22,0.73,0,0.02,0,0
7,501,0,0,0,0,0,0.17,0.03,0.8,0,0
4,502,0.05,0,0,0,0.85,0.03,0,0,0.01,0.04
5,503,0,0,0,0,0,0.51,0,0.48,0,0
9,504,0,0,0,0,0,0,0,0,0,1.0
7,505,0.12,0,0,0,0.06,0,0,0.69,0.13,0
5,506,0,0,0,0,0,0.54,0,0,0,0.46
7,507,0.05,0.05,0.05,0.05,0.05,0.05,0.05,0.55,0.05,0.05
0,508,0.42,0,0,0.13,0.17,0.11,0,0.17,0,0
8,509,0,0,0,0,0,0.29,0.26,0,0.44,0
7,510,0.05,0.05,0.05,0.05,0.05,0.05,0.05,0.55,0.05,0.05
5,511,0,0,0,0,0,0.8,0,0.2,0,0
0,512,0.52,0,0,0.06,0,0,0.39,0,0,0.01
0,513,0.66,0,0,0,0,0.02,0,0.31,0,0
5,514,0,0,0,0,0,0.68,0,0.32,0,0
6,515,0,0,0,0.07,0.02,0.2,0.7,0,0,0
9,516,0,0,0,0,0.27,0,0,0,0.16,0.57
8,517,0,0,0,0,0.05,0.2,0,0,0.75,0
0,518,0.47,0,0,0.04,0.2,0.26,0.01,0.02,0,0
8,519,0.07,0,0,0.23,0.14,0.02,0.15,0,0.37,0
5,520,0.28,0,0,0.01,0.24,0.32,0,0.15,0,0
4,521,0.02,0.02,0,0.26,0.46,0.17,0.06,0,0,0
5,522,0.07,0,0,0.15,0.17,0.33,0.14,0.09,0.06,0
3,523,0.09,0,0,0.36,0.05,0.27,0.02,0.18,0.03,0
4,524,0,0,0,0.08,0.52,0.37,0.02,0,0,0
0,525,0.68,0,0,0,0.06,0.07,0,0.09,0.09,0
5,526,0,0,0,0.03,0,0.87,0,0.1,0,0
3,527,0.04,0,0,0.45,0.28,0,0.24,0,0,0
4,528,0.02,0,0,0.03,0.57,0.37,0,0.01,0,0
7,529,0.05,0.05,0.05,0.05,0.05,0.05,0.05,0.55,0.05,0.05
9,530,0,0,0,0,0,0,0,0,0,1.0
3,531,0.09,0,0,0.74,0,0,0.07,0.01,0,0.09
8,532,0,0,0,0.01,0,0,0,0,0.98,0
5,533,0.01,0,0,0,0.01,0.76,0,0.21,0,0
7,534,0.03,0,0,0,0,0.01,0,0.96,0,0
9,535,0.03,0,0,0.01,0,0,0,0,0,0.96
8,536,0,0,0,0,0,0,0,0,1.0,0
7,537,0.03,0,0,0,0.02,0.2,0,0.73,0,0
6,538,0,0,0,0,0,0,0.99,0,0,0
5,539,0,0,0,0,0.04,0.71,0,0.25,0,0
6,540,0,0,0,0.03,0.09,0.03,0.62,0.02,0.21,0
7,541,0.05,0.05,0.05,0.05,0.05,0.05,0.05,0.55,0.05,0.05
4,542,0.09,0.11,0,0.02,0.45,0.04,0.02,0.24,0.02,0
5,543,0.12,0.06,0,0.02,0.07,0.45,0,0,0,0.27
5,544,0.02,0.01,0,0,0.34,0.36,0,0.04,0,0.23
8,545,0.03,0.02,0,0.03,0,0,0,0,0.92,0
5,546,0.03,0,0,0.02,0.2,0.43,0.07,0.08,0.05,0.1
0,547,0.39,0,0,0,0.12,0.28,0,0.19,0,0
4,548,0,0,0,0,0.89,0.01,0,0.09,0,0
5,549,0.01,0.04,0,0.11,0.19,0.58,0.06,0.01,0,0
5,550,0.04,0,0,0,0.11,0.79,0,0.03,0.02,0
7,551,0,0,0,0,0,0,0,1.0,0,0
5,552,0.01,0,0,0.02,0.14,0.82,0,0,0,0
6,553,0.15,0,0,0.01,0.03,0.3,0.47,0.02,0,0
8,554,0,0,0,0.25,0,0,0,0,0.75,0
0,555,0.45,0,0,0.14,0,0.11,0.22,0,0.06,0.01
8,556,0.12,0.05,0,0.05,0.09,0.03,0.11,0.21,0.34,0
5,557,0.12,0.03,0,0,0.06,0.4,0.04,0.33,0,0
7,558,0.11,0,0,0,0,0.12,0.02,0.73,0,0
0,559,0.28,0.02,0,0.03,0.17,0.23,0.15,0.07,0.04,0
6,560,0.05,0,0,0.13,0,0,0.55,0,0.25,0.01
8,561,0,0,0,0,0,0,0,0,0.97,0
5,562,0.06,0,0,0,0.05,0.82,0.05,0,0,0
7,563,0,0,0,0,0,0,0,1.0,0,0
0,564,0.74,0,0,0,0.03,0.08,0,0.14,0,0
5,565,0.01,0.04,0,0.03,0.29,0.4,0.06,0.02,0.07,0.07
5,566,0.02,0,0,0,0,0.57,0,0.4,0,0
3,567,0.18,0,0,0.52,0.06,0.14,0.01,0.05,0,0.04
1,568,0,1.0,0,0,0,0,0,0,0,0
7,569,0.12,0,0,0.2,0.13,0.19,0.06,0.29,0,0
7,570,0,0,0,0,0,0.12,0,0.87,0,0
7,571,0.04,0,0,0,0.03,0.08,0,0.81,0.03,0
7,572,0.02,0,0,0,0.01,0.05,0,0.91,0,0
7,573,0,0,0,0,0,0.16,0,0.83,0,0
6,574,0.03,0,0,0.01,0,0.1,0.76,0.08,0,0
5,575,0.02,0,0,0.09,0.14,0.6,0,0.15,0,0
5,576,0,0,0,0,0,0.93,0,0.06,0,0
5,577,0.27,0,0,0.01,0,0.41,0.07,0.23,0,0
7,578,0.05,0.05,0.05,0.05,0.05,0.05,0.05,0.55,0.05,0.05
5,579,0,0,0,0,0,0.81,0,0.19,0,0
6,580,0.06,0.09,0,0,0.08,0.04,0.7,0,0,0
9,581,0,0,0,0,0,0,0,0,0,0.99
6,582,0.02,0,0,0,0.32,0.08,0.57,0,0,0
8,583,0,0.03,0,0,0,0,0.04,0,0.9,0.02
8,584,0,0.07,0,0.03,0,0,0.03,0,0.52,0.35
5,585,0.07,0,0,0.06,0.25,0.45,0,0.15,0,0
6,586,0,0,0,0,0,0,1.0,0,0,0
5,587,0.17,0.03,0,0.08,0.21,0.44,0,0.06,0,0
1,588,0,0.5,0,0.12,0.19,0,0.17,0,0.01,0
7,589,0,0,0,0,0,0.2,0,0.79,0,0
7,590,0.07,0.09,0,0,0.04,0.2,0,0.6,0,0
6,591,0.02,0,0,0,0.02,0.06,0.67,0,0.21,0.02
0,592,0.48,0.03,0.03,0.03,0.03,0.03,0.03,0.32,0.03,0.03
9,593,0,0,0,0,0,0,0,0,0,1.0
4,594,0,0,0,0,0.55,0.44,0,0,0,0
5,595,0.1,0,0,0.01,0.15,0.66,0,0.08,0,0
9,596,0.09,0.04,0,0.05,0.14,0.14,0,0,0,0.54
5,597,0.12,0,0,0.16,0.01,0.61,0,0.1,0,0
9,598,0,0.2,0,0.08,0,0,0,0,0,0.72
5,599,0.24,0.02,0,0.04,0.17,0.25,0.15,0.08,0.03,0
4,600,0.15,0.11,0,0.02,0.54,0.04,0,0.15,0,0
5,601,0.03,0,0,0,0,0.73,0,0.24,0,0
5,602,0.02,0,0,0,0,0.52,0,0.44,0,0
7,603,0,0,0,0,0,0.45,0,0.54,0,0
5,604,0.07,0.02,0,0,0,0.62,0.04,0.25,0,0
7,605,0,0,0,0,0,0,0,0.97,0,0
5,606,0,0,0,0,0.02,0.57,0,0.4,0,0
6,607,0.05,0.04,0,0,0.02,0.24,0.43,0.05,0.04,0.13
8,608,0.01,0.04,0,0,0,0,0,0,0.89,0.05
8,609,0.11,0,0,0.18,0.18,0,0.17,0.01,0.34,0
5,610,0.11,0,0,0.16,0.08,0.28,0.09,0.16,0.12,0
5,611,0.01,0,0,0,0.2,0.52,0,0.25,0,0
1,612,0.19,0.46,0,0.11,0,0.04,0.03,0,0.12,0.05
7,613,0.22,0.06,0,0,0.1,0.21,0.07,0.34,0,0
0,614,0.75,0,0,0,0,0.03,0.01,0.2,0,0
5,615,0.03,0,0,0,0,0.91,0,0.05,0,0.02
9,616,0,0,0,0,0,0,0,0,0,1.0
8,617,0,0,0,0.11,0,0,0,0,0.88,0
5,618,0.03,0.01,0,0,0,0.77,0.05,0.11,0.03,0
5,619,0.03,0,0,0,0,0.56,0,0.41,0,0
4,620,0.07,0.07,0.02,0.04,0.41,0.06,0.29,0,0.03,0
8,621,0,0,0.01,0,0.29,0.09,0,0,0.37,0.23
5,622,0,0,0,0,0,0.61,0,0.38,0,0
5,623,0.04,0,0,0.14,0,0.77,0,0.03,0,0
7,624,0.02,0,0,0,0.04,0,0,0.79,0.16,0
5,625,0.18,0,0,0,0.04,0.39,0,0.38,0,0
5,626,0,0,0,0,0.08,0.88,0,0.03,0,0
5,627,0,0,0,0.02,0.04,0.67,0.02,0.24,0,0
7,628,0.1,0,0,0,0,0,0,0.88,0,0
7,629,0,0,0,0,0.01,0.23,0,0.76,0,0
7,630,0,0,0,0,0,0.1,0,0.9,0,0
7,631,0.04,0,0,0,0,0,0,0.77,0.19,0
8,632,0,0,0,0.12,0.21,0.13,0.26,0,0.27,0
9,633,0,0,0,0,0,0,0,0,0,1.0
3,634,0.04,0,0,0.74,0.04,0,0,0,0.17,0
7,635,0,0,0,0,0,0.41,0.03,0.55,0,0
7,636,0.05,0.05,0.05,0.05,0.05,0.05,0.05,0.55,0.05,0.05
5,637,0,0,0,0,0,0.82,0,0.18,0,0
5,638,0.05,0.04,0,0.04,0.09,0.61,0.12,0,0.04,0
8,639,0.07,0.18,0,0,0.06,0.02,0.06,0,0.6,0
3,640,0,0,0,1.0,0,0,0,0,0,0
9,641,0,0,0,0.02,0.09,0.03,0,0,0.4,0.45
3,642,0,0,0,0.81,0.05,0.11,0,0.01,0,0
5,643,0,0,0,0.04,0.09,0.35,0,0,0.29,0.22
7,644,0,0.01,0,0,0.13,0.35,0.01,0.48,0,0
5,645,0,0,0,0,0,0.45,0.44,0.09,0.01,0
6,646,0.02,0,0,0,0,0.2,0.75,0.03,0,0
6,647,0,0,0,0,0,0,1.0,0,0,0
5,648,0,0,0,0,0,0.7,0,0.29,0,0
5,649,0.14,0,0,0.27,0.02,0.49,0.04,0.02,0,0
3,650,0,0,0,0.85,0,0,0,0,0,0.15
5,651,0.02,0,0,0,0.03,0.81,0.02,0.1,0,0
4,652,0,0,0,0.01,0.54,0.39,0,0.05,0,0
8,653,0,0,0,0.02,0.21,0,0,0,0.77,0
1,654,0,0.51,0,0,0,0.28,0.15,0,0,0
7,655,0.02,0,0,0,0.23,0.21,0,0.53,0,0
5,656,0.22,0,0,0,0.1,0.34,0.16,0,0.18,0
4,657,0,0.04,0,0.16,0.51,0.12,0,0,0.16,0
3,658,0.32,0,0,0.35,0.1,0.21,0,0.01,0,0
4,659,0.19,0,0,0,0.73,0.02,0,0.05,0,0.01
7,660,0.16,0,0,0.01,0.12,0.22,0,0.47,0,0
5,661,0.09,0.01,0,0,0.11,0.5,0.2,0.05,0.04,0
2,662,0,0,1.0,0,0,0,0,0,0,0
6,663,0.04,0.05,0,0.1,0.11,0.1,0.56,0,0,0.03
6,664,0,0,0,0.05,0,0,0.95,0,0,0
5,665,0.05,0,0,0,0.03,0.61,0.03,0.26,0,0
0,666,0.45,0,0,0,0.03,0.3,0.1,0.11,0,0
7,667,0.24,0,0,0,0,0,0,0.75,0,0
5,668,0.12,0.01,0,0,0.12,0.69,0.03,0.02,0.01,0
5,669,0.01,0.01,0.01,0.01,0.01,0.89,0.01,0.01,0.01,0.01
8,670,0.14,0,0,0.2,0,0.08,0.13,0.06,0.36,0.01
6,671,0.02,0,0,0,0.21,0.14,0.55,0.09,0,0
7,672,0.15,0.02,0,0,0.03,0.35,0.03,0.41,0,0
6,673,0.08,0.02,0,0.02,0.11,0.18,0.59,0,0,0
5,674,0.09,0,0,0,0.06,0.54,0.02,0.29,0,0
5,675,0,0.02,0,0.1,0.02,0.69,0,0.17,0,0
5,676,0,0,0,0,0,0.62,0,0.38,0,0
5,677,0.15,0.01,0,0.01,0.09,0.67,0.02,0.02,0,0
5,678,0.22,0.03,0,0,0.05,0.49,0.03,0.13,0.03,0.03
7,679,0.02,0,0,0,0,0.12,0,0.85,0,0
5,680,0.05,0,0,0,0,0.81,0,0.13,0,0
7,681,0,0,0,0,0,0.2,0,0.79,0,0
4,682,0,0.11,0,0.21,0.3,0.08,0.29,0,0,0
4,683,0,0.23,0,0,0.52,0,0,0.24,0,0
7,684,0.29,0.21,0,0,0.07,0,0,0.41,0,0
9,685,0.02,0.02,0.19,0.02,0.02,0.02,0.29,0.02,0.02,0.4
5,686,0,0,0,0,0,0.82,0,0.07,0,0.09
7,687,0.02,0,0,0,0,0,0,0.98,0,0
5,688,0,0,0,0,0.19,0.57,0,0.08,0.15,0
7,689,0.16,0,0,0,0.02,0.25,0,0.57,0,0
9,690,0.04,0.09,0,0.02,0.25,0.21,0,0,0,0.4
8,691,0,0,0,0,0,0,0,0,0.99,0.01
5,692,0.13,0,0,0,0.2,0.54,0.12,0,0,0
5,693,0.2,0,0,0.02,0.01,0.76,0,0,0,0
6,694,0,0,0,0,0.18,0,0.81,0,0,0
5,695,0,0,0,0.08,0.22,0.65,0,0,0.04,0
7,696,0.05,0,0,0,0,0.45,0.03,0.46,0,0
4,697,0.09,0,0,0.07,0.46,0.02,0.29,0.07,0,0
6,698,0,0.05,0,0,0,0,0.93,0,0.01,0
5,699,0.02,0,0,0,0.01,0.65,0,0.31,0,0
6,700,0.04,0.13,0,0,0,0.04,0.79,0,0,0
5,701,0.07,0,0,0,0.02,0.7,0,0.2,0,0
6,702,0,0,0,0.03,0,0,0.96,0,0,0
8,703,0.07,0.02,0,0.16,0,0.17,0.15,0.15,0.23,0.01
8,704,0,0,0,0,0.04,0.4,0,0.06,0.49,0
5,705,0,0,0,0.02,0,0.91,0,0.04,0.02,0
9,706,0.1,0.05,0,0,0.09,0.05,0.01,0.08,0,0.6
8,707,0,0,0,0.02,0.21,0,0,0,0.77,0
5,708,0.05,0,0,0,0.02,0.78,0,0.15,0,0
3,709,0.02,0,0,0.57,0,0,0.02,0,0.39,0
3,710,0.02,0.04,0,0.84,0,0,0.01,0.03,0,0.06
5,711,0.04,0,0,0,0.05,0.86,0,0.02,0.02,0
1,712,0,0.98,0,0,0,0,0,0,0,0.02
6,713,0.09,0.02,0,0.1,0.22,0.28,0.29,0,0,0
6,714,0.09,0,0,0,0,0.07,0.8,0.02,0,0
5,715,0.04,0.02,0,0,0.06,0.82,0,0.06,0,0
7,716,0.05,0.05,0.05,0.05,0.05,0.05,0.05,0.55,0.05,0.05
4,717,0.02,0.01,0,0,0.71,0.23,0,0.02,0,0
8,718,0.22,0,0,0.06,0.1,0.21,0.03,0.01,0.36,0
7,719,0,0,0,0,0.04,0.07,0,0.88,0,0
4,720,0.02,0.02,0,0.15,0.55,0.04,0.21,0,0,0
5,721,0,0,0,0,0.04,0.63,0.01,0.31,0,0
5,722,0,0,0,0.27,0.21,0.34,0.06,0.12,0,0
7,723,0.01,0,0,0,0,0.29,0.06,0.64,0,0
6,724,0.23,0.02,0,0.26,0,0,0.48,0,0,0
7,725,0.19,0,0,0,0,0.29,0.11,0.4,0,0
9,726,0,0,0,0,0,0,0,0,0,1.0
7,727,0.04,0,0,0,0,0.29,0,0.66,0,0
5,728,0,0,0,0,0.35,0.57,0,0.08,0,0
8,729,0,0,0,0,0,0.06,0,0,0.48,0.45
6,730,0.03,0,0,0,0,0.36,0.58,0.03,0,0
8,731,0,0,0,0,0,0,0,0,1.0,0
0,732,0.9,0,0,0,0,0,0,0.06,0,0.03
8,733,0,0,0,0,0,0,0,0,0.98,0.02
0,734,0.4,0,0,0,0.1,0.23,0,0.23,0.03,0
0,735,0.64,0.03,0,0.07,0.06,0,0.04,0.16,0,0
4,736,0,0.04,0,0.13,0.33,0.18,0.32,0,0,0
7,737,0,0,0,0,0.07,0,0.07,0.86,0,0
8,738,0.03,0.03,0.03,0.03,0.03,0.03,0.03,0.03,0.77,0.03
5,739,0.06,0.01,0,0,0,0.77,0.02,0.13,0,0
5,740,0,0,0,0.05,0.04,0.85,0,0.04,0,0.01
7,741,0.05,0.05,0.05,0.05,0.05,0.05,0.05,0.55,0.05,0.05
0,742,0.98,0,0,0,0,0,0,0,0.02,0
3,743,0.05,0,0,0.32,0,0.14,0.19,0.26,0.03,0
8,744,0,0,0,0,0,0,0,0,1.0,0
5,745,0.04,0,0,0.3,0.06,0.54,0,0.06,0,0
4,746,0,0.02,0,0.12,0.43,0.4,0.02,0,0,0
8,747,0,0.01,0,0,0,0.02,0,0,0.94,0
5,748,0.13,0.01,0,0.05,0.17,0.36,0.26,0.01,0,0
4,749,0,0.4,0,0.04,0.55,0,0,0,0,0
7,750,0.01,0,0,0,0.14,0.36,0,0.48,0,0
5,751,0,0,0,0,0.04,0.71,0,0.08,0.04,0.11
4,752,0,0,0,0.37,0.6,0,0,0,0,0
8,753,0,0,0,0,0.05,0,0.4,0,0.55,0
7,754,0.05,0.05,0.05,0.05,0.05,0.05,0.05,0.55,0.05,0.05
7,755,0.17,0,0,0,0.02,0,0,0.81,0,0
5,756,0,0,0,0,0,0.79,0,0.21,0,0
1,757,0,1.0,0,0,0,0,0,0,0,0
7,758,0,0,0,0,0.05,0.04,0,0.9,0,0
9,759,0,0,0,0,0,0,0,0,0,1.0
8,760,0,0.04,0,0.03,0.25,0,0,0,0.67,0
5,761,0.06,0.01,0,0,0.03,0.72,0.02,0.16,0,0
3,762,0,0,0,0.89,0,0,0.08,0,0,0.03
9,763,0,0,0,0,0,0,0,0,0,1.0
5,764,0.01,0.02,0,0.05,0.05,0.71,0.04,0.09,0.02,0
5,765,0.07,0,0,0.37,0.14,0.38,0,0.03,0,0
0,766,0.85,0,0,0,0.04,0.05,0,0.05,0,0
6,767,0,0,0,0,0,0,1.0,0,0,0
5,768,0,0,0,0,0,0.98,0,0.01,0,0
5,769,0,0,0,0.05,0.11,0.82,0,0,0,0
7,770,0.01,0.01,0.01,0.01,0.36,0.01,0.01,0.56,0.01,0.01
5,771,0,0,0,0.06,0.08,0.8,0.02,0.05,0,0
5,772,0,0,0,0,0,0.88,0,0.12,0,0
7,773,0.02,0,0,0,0.02,0.45,0.01,0.5,0,0
5,774,0.05,0.01,0,0.14,0.33,0.46,0,0,0,0
6,775,0,0.03,0,0,0.19,0.04,0.45,0,0.28,0
4,776,0.03,0,0,0.01,0.67,0.26,0,0.01,0,0
7,777,0.06,0,0,0,0,0.27,0.16,0.5,0,0
7,778,0,0,0,0,0.01,0.22,0,0.75,0,0
6,779,0.09,0.03,0,0,0.02,0.02,0.84,0,0,0
5,780,0.03,0,0,0,0.01,0.9,0,0.03,0.02,0
8,781,0,0,0.01,0.01,0.18,0,0,0,0.5,0.28
5,782,0.01,0,0,0,0,0.79,0,0.19,0,0
3,783,0,0.02,0,0.81,0,0,0.03,0.02,0,0.12
6,784,0.04,0.13,0,0,0,0.04,0.77,0,0,0
5,785,0,0,0,0,0,0.76,0,0.24,0,0
5,786,0.08,0.03,0,0,0.2,0.66,0,0.02,0,0
5,787,0,0,0,0,0,0.9,0,0.1,0,0
6,788,0,0,0,0,0,0,1.0,0,0,0
3,789,0,0,0,1.0,0,0,0,0,0,0
8,790,0,0.04,0,0,0.03,0.34,0,0.03,0.56,0
5,791,0,0,0,0.08,0,0.35,0.23,0.29,0.02,0.04
5,792,0.04,0.01,0,0,0.02,0.7,0.03,0.19,0,0
8,793,0.07,0.03,0,0,0.28,0,0.01,0,0.6,0
5,794,0.1,0,0,0,0.05,0.52,0.25,0.07,0,0
5,795,0.04,0,0,0.19,0.27,0.48,0,0.02,0,0
5,796,0.05,0.03,0,0.01,0.03,0.74,0.02,0.11,0,0
7,797,0.04,0.03,0,0,0.02,0,0.03,0.87,0,0
5,798,0,0.44,0,0,0,0.53,0,0,0,0
4,799,0,0.04,0,0.17,0.47,0.25,0.07,0,0,0
5,800,0,0,0,0,0.03,0.51,0.08,0.05,0.33,0
7,801,0.05,0,0,0,0,0.37,0,0.57,0,0
5,802,0,0,0,0,0,0.71,0,0.28,0,0
5,803,0.03,0,0,0,0.05,0.82,0.03,0.06,0,0
5,804,0.02,0,0,0,0,0.7,0.25,0.02,0,0
2,805,0,0,1.0,0,0,0,0,0,0,0
7,806,0,0,0,0,0,0.29,0,0.71,0,0
5,807,0.02,0,0,0,0.02,0.7,0,0.19,0.06,0
5,808,0.19,0,0,0,0,0.73,0,0.08,0,0
9,809,0,0,0,0,0,0,0,0,0,1.0
5,810,0.09,0,0,0,0.03,0.55,0,0.32,0.01,0
6,811,0.24,0.09,0,0.12,0,0,0.52,0,0.02,0
8,812,0,0.21,0,0.01,0.22,0.18,0,0,0.24,0.13
7,813,0.06,0,0,0,0,0.37,0.02,0.55,0,0
3,814,0.02,0.02,0,0.65,0,0,0,0.07,0.22,0.02
5,815,0,0,0,0,0,0.73,0,0.26,0,0
5,816,0.03,0,0,0,0.02,0.91,0,0.02,0,0
3,817,0,0.05,0,0.87,0.03,0,0,0,0.05,0
1,818,0.16,0.57,0,0.02,0.25,0,0,0,0,0
7,819,0,0.04,0,0,0.33,0.17,0,0.46,0,0
6,820,0,0,0,0.37,0,0,0.58,0,0,0
3,821,0.06,0,0,0.47,0.27,0.17,0,0.02,0,0
7,822,0.02,0,0,0,0.02,0.29,0,0.66,0,0
5,823,0,0.06,0,0.03,0.35,0.44,0,0.09,0.02,0
9,824,0,0,0,0,0,0,0,0,0,1.0
8,825,0,0,0,0,0,0.32,0,0.06,0.44,0.17
5,826,0,0,0,0,0.02,0.61,0,0.17,0,0.2
4,827,0.22,0.04,0,0.02,0.65,0.02,0.05,0,0,0
9,828,0,0.02,0,0,0,0,0,0.07,0,0.91
9,829,0,0,0,0.16,0,0,0,0,0,0.84
5,830,0,0,0,0,0.01,0.4,0,0.02,0.32,0.24
7,831,0.07,0,0,0,0,0.03,0,0.89,0,0
5,832,0.03,0,0,0,0.28,0.35,0,0.05,0.27,0
5,833,0,0,0,0.02,0.08,0.5,0.09,0.14,0.16,0
5,834,0,0,0,0,0,0.97,0,0.03,0,0
2,835,0,0,1.0,0,0,0,0,0,0,0
8,836,0,0,0,0,0.24,0.07,0,0,0.35,0.33
0,837,0.39,0.02,0,0.05,0.13,0.04,0.35,0,0,0
7,838,0.22,0,0,0,0,0.06,0,0.71,0,0
5,839,0,0.02,0,0.1,0.07,0.8,0,0,0,0
4,840,0.01,0,0,0,0.32,0.22,0.03,0,0.29,0.12
5,841,0,0,0,0,0.02,0.54,0,0.05,0.38,0
5,842,0.07,0.03,0,0.01,0.05,0.41,0.25,0.02,0.16,0
5,843,0.12,0,0,0,0.25,0.34,0.12,0.12,0.05,0
4,844,0.22,0,0,0.1,0.37,0.23,0.07,0,0,0
5,845,0.03,0.02,0,0.24,0.26,0.34,0.11,0,0,0
9,846,0,0,0,0,0,0,0,0,0.06,0.94
9,847,0,0,0,0,0,0,0,0,0,1.0
7,848,0.01,0,0,0,0,0.45,0,0.53,0,0
4,849,0,0,0,0,1.0,0,0,0,0,0
3,850,0.1,0,0,0.4,0.06,0.38,0,0.06,0,0
5,851,0.02,0,0,0,0.02,0.63,0,0.33,0,0
5,852,0.04,0,0,0,0.07,0.43,0.06,0.38,0,0
8,853,0.04,0.05,0,0.06,0,0,0.1,0,0.74,0
7,854,0.05,0.05,0.05,0.05,0.05,0.05,0.05,0.55,0.05,0.05
5,855,0.1,0,0,0,0.05,0.76,0,0.07,0,0
3,856,0,0,0,1.0,0,0,0,0,0,0
5,857,0.33,0,0,0,0.03,0.4,0,0.24,0,0
7,858,0.03,0,0,0,0,0.42,0,0.53,0,0
5,859,0,0,0,0,0,0.97,0,0.02,0,0
8,860,0,0,0,0,0,0,0,0,0.99,0
5,861,0,0,0,0,0.01,0.52,0,0.47,0,0
5,862,0,0,0,0,0,0.97,0,0.03,0,0
8,863,0,0,0,0,0,0.24,0,0,0.74,0
6,864,0.07,0.01,0,0,0,0.03,0.86,0.02,0,0
7,865,0.19,0.01,0,0,0.02,0.09,0.05,0.64,0,0
4,866,0,0,0,0,0.48,0.07,0.2,0,0.23,0
4,867,0.2,0.02,0,0.03,0.31,0.23,0.18,0.02,0.01,0
5,868,0.03,0,0,0,0.01,0.91,0,0.05,0,0
4,869,0.07,0.01,0,0.23,0.36,0.2,0.09,0.01,0.02,0
4,870,0.07,0.03,0,0,0.52,0.11,0.27,0,0,0
5,871,0,0,0,0,0,0.51,0,0.49,0,0
7,872,0.23,0.17,0,0,0.17,0,0.06,0.36,0,0
5,873,0.12,0,0,0,0,0.75,0,0.13,0,0
0,874,0.48,0.01,0.01,0.01,0.29,0.01,0.01,0.01,0.01,0.17
5,875,0,0,0,0,0,0.7,0,0.06,0.16,0.07
5,876,0.14,0,0,0,0.22,0.5,0.14,0,0,0
3,877,0.09,0,0,0.73,0,0.04,0,0.13,0,0
5,878,0.27,0,0,0.01,0,0.59,0,0.13,0,0
7,879,0.03,0,0,0,0.1,0.37,0.04,0.43,0,0
5,880,0.16,0,0,0.13,0.03,0.48,0.06,0.13,0,0
7,881,0,0,0,0,0.01,0.27,0,0.72,0,0
5,882,0,0,0,0,0,0.78,0,0.21,0,0
6,883,0.13,0.02,0,0.02,0.12,0.07,0.64,0,0,0
5,884,0.02,0,0,0,0,0.84,0,0.12,0,0
7,885,0.16,0,0,0.01,0,0.19,0.01,0.61,0,0.01
5,886,0,0,0,0,0,0.89,0,0.1,0,0
7,887,0.17,0.02,0,0,0,0.29,0.09,0.43,0,0
8,888,0,0,0,0,0,0.32,0,0.03,0.64,0
7,889,0.08,0.06,0,0,0.09,0,0,0.62,0.16,0
7,890,0.06,0,0,0,0.14,0.01,0,0.73,0.05,0
6,891,0.11,0,0,0,0.08,0,0.58,0,0.22,0
0,892,0.6,0.01,0,0.08,0.16,0.1,0.04,0,0,0
0,893,0.66,0,0,0.06,0.01,0.07,0,0.19,0,0
4,894,0.01,0.01,0,0,0.65,0.2,0,0.01,0.11,0
7,895,0.04,0,0,0,0,0,0,0.95,0,0
9,896,0,0.04,0,0,0,0,0.06,0,0,0.89
6,897,0,0,0,0,0,0,1.0,0,0,0
8,898,0.01,0.01,0.01,0.01,0.01,0.01,0.24,0.01,0.68,0.01
7,899,0.03,0.02,0,0,0.03,0.01,0.03,0.87,0,0
6,900,0,0,0,0,0.15,0,0.85,0,0,0
3,901,0,0,0,0.82,0,0,0.15,0,0,0.03
3,902,0.09,0,0,0.91,0,0,0,0,0,0
1,903,0,0.87,0,0,0,0,0,0,0.13,0
0,904,1.0,0,0,0,0,0,0,0,0,0
5,905,0.1,0.02,0,0,0.03,0.83,0,0,0,0
7,906,0.03,0,0,0,0.41,0,0,0.46,0.1,0
7,907,0.04,0,0,0.07,0.04,0.07,0.03,0.69,0.05,0
5,908,0.15,0.02,0,0,0.09,0.54,0.1,0.1,0,0
5,909,0.06,0,0,0,0.02,0.83,0.01,0.07,0,0
5,910,0,0,0,0,0.02,0.79,0,0.19,0,0
0,911,0.56,0.1,0,0,0.08,0.24,0,0,0.01,0
7,912,0,0,0,0,0,0.18,0,0.82,0,0
9,913,0,0.22,0,0,0,0,0,0,0,0.78
7,914,0,0,0,0.03,0,0,0,0.96,0,0
4,915,0,0,0,0,0.93,0,0,0,0,0
5,916,0,0,0,0,0,0.56,0,0.23,0.21,0
7,917,0,0,0,0,0,0.04,0,0.96,0,0
5,918,0,0,0,0,0,0.81,0,0.19,0,0
5,919,0,0,0,0.21,0,0.4,0,0.39,0,0
5,920,0.06,0,0,0,0.01,0.82,0,0.1,0,0
5,921,0.09,0.03,0,0,0.28,0.6,0,0,0,0
5,922,0.02,0.03,0,0.05,0.19,0.67,0.04,0,0,0
5,923,0.02,0,0,0,0.04,0.63,0.02,0.28,0,0
5,924,0,0.02,0,0,0.25,0.59,0.04,0,0.04,0.05
4,925,0,0.05,0,0.07,0.47,0.39,0.02,0,0,0
5,926,0.19,0,0,0,0.07,0.49,0,0.25,0,0
5,927,0,0,0,0,0,0.92,0,0,0,0
5,928,0.04,0,0,0,0,0.67,0.02,0.27,0,0
4,929,0,0,0,0,0.7,0,0,0,0,0.3
5,930,0,0,0,0,0,0.76,0.03,0.2,0,0
5,931,0,0,0,0,0,0.76,0,0.24,0,0
6,932,0,0.02,0,0,0.33,0.02,0.44,0,0.18,0
5,933,0.11,0,0,0,0.22,0.53,0.11,0.02,0,0
9,934,0,0.1,0,0,0,0,0,0,0,0.9
6,935,0,0,0,0,0.23,0.08,0.68,0,0,0
7,936,0.37,0,0,0,0,0.17,0,0.46,0,0
5,937,0.1,0,0,0.02,0.07,0.66,0.09,0.02,0.04,0
3,938,0.03,0,0,0.36,0.05,0.22,0.01,0.19,0.12,0
5,939,0.02,0,0,0,0.2,0.55,0,0,0.2,0.03
8,940,0,0,0.01,0.01,0.31,0.04,0,0,0.42,0.2
6,941,0.16,0.07,0,0.02,0.26,0.1,0.33,0.04,0.03,0
0,942,0.74,0,0,0,0,0.04,0,0.21,0,0
5,943,0.12,0,0,0,0.15,0.67,0,0.05,0,0
5,944,0.35,0,0,0.1,0.02,0.39,0,0.11,0,0.02
3,945,0.19,0.02,0,0.56,0,0.05,0.11,0,0.03,0.04
3,946,0,0,0,0.58,0,0,0,0,0.41,0.01
6,947,0.11,0,0,0.09,0,0,0.73,0,0,0.07
4,948,0,0,0,0,0.93,0,0,0.03,0.04,0
3,949,0,0,0,0.92,0,0,0,0,0.07,0
5,950,0,0.01,0,0.1,0,0.66,0,0.23,0,0
1,951,0,1.0,0,0,0,0,0,0,0,0
5,952,0.02,0,0,0,0,0.75,0.05,0,0.18,0
7,953,0,0,0,0,0,0,0.38,0.57,0,0
7,954,0.17,0.01,0,0,0.01,0.23,0.11,0.46,0,0
6,955,0.04,0.13,0,0,0,0.04,0.78,0,0,0
5,956,0.02,0,0,0,0,0.7,0,0.28,0,0
4,957,0.22,0,0,0,0.61,0.12,0.01,0.01,0,0.02
5,958,0,0,0,0,0,0.82,0.02,0.15,0,0
7,959,0.21,0,0,0,0.02,0.04,0,0.72,0,0
5,960,0.05,0.02,0,0,0.03,0.73,0.06,0.12,0,0
5,961,0.03,0,0,0,0.1,0.84,0,0,0.03,0
4,962,0,0.03,0,0.06,0.53,0.11,0.27,0,0,0
5,963,0.03,0.01,0,0.05,0.03,0.42,0.12,0.31,0.02,0
7,964,0.08,0,0,0,0,0.42,0.01,0.48,0,0
5,965,0,0.01,0,0.13,0.29,0.53,0.01,0.01,0,0
5,966,0.06,0,0,0,0.04,0.65,0,0.25,0,0
6,967,0,0,0,0,0,0,0.99,0,0,0
5,968,0,0,0,0,0,0.75,0,0.23,0,0
7,969,0.07,0.01,0,0.15,0.03,0.29,0.04,0.41,0,0
3,970,0.25,0.1,0,0.29,0,0.08,0.01,0.02,0,0.22
5,971,0,0,0,0,0.03,0.96,0,0,0,0
5,972,0.09,0,0,0.09,0.24,0.52,0.05,0,0,0
5,973,0.1,0.13,0,0.06,0.04,0.61,0,0,0.06,0
3,974,0.07,0.03,0,0.75,0.13,0,0,0,0,0.02
6,975,0,0,0,0,0.01,0.03,0.71,0,0.24,0
1,976,0,1.0,0,0,0,0,0,0,0,0
5,977,0,0,0,0.08,0.21,0.66,0,0.05,0,0
6,978,0.01,0.02,0,0.03,0.13,0.09,0.6,0,0.11,0
5,979,0.3,0.02,0,0,0,0.52,0.11,0.03,0,0
5,980,0.02,0.01,0,0.03,0.15,0.67,0.11,0.01,0,0
5,981,0,0,0,0,0,0.77,0,0.22,0,0
5,982,0,0,0,0,0,0.61,0,0.39,0,0
6,983,0.02,0,0,0.03,0.01,0.3,0.32,0.27,0.05,0
8,984,0,0,0,0,0,0,0,0,1.0,0
5,985,0.38,0,0,0,0.08,0.4,0.08,0.05,0,0
7,986,0.05,0.05,0.05,0.05,0.05,0.05,0.05,0.55,0.05,0.05
3,987,0,0,0,0.83,0.07,0,0,0,0.1,0
4,988,0,0,0,0,0.56,0.14,0,0.3,0,0
5,989,0,0,0,0.04,0.17,0.62,0.13,0.02,0,0
5,990,0,0,0,0,0,0.75,0,0.24,0,0
5,991,0,0,0,0,0,0.87,0,0.13,0,0
9,992,0,0,0,0,0,0,0,0,0,1.0
1,993,0,0.84,0,0.05,0,0.09,0,0,0,0.01
7,994,0.1,0,0,0,0.05,0.4,0.02,0.42,0,0
9,995,0,0,0,0,0,0,0,0,0,1.0
0,996,0.6,0,0,0.01,0.04,0.03,0.01,0.3,0.01,0
7,997,0.02,0,0,0,0,0.05,0,0.93,0,0
7,998,0,0,0,0,0.35,0,0,0.65,0,0
7,999,0.1,0,0,0,0.07,0.05,0,0.75,0,0
7,1000,0,0,0,0,0.04,0.11,0,0.83,0,0
5,1001,0,0,0,0,0.38,0.47,0.01,0.08,0.05,0
6,1002,0.02,0.08,0,0,0.2,0.01,0.66,0,0.03,0
7,1003,0.26,0,0,0,0,0,0,0.72,0,0
5,1004,0,0,0,0,0,0.71,0,0.17,0,0.11
5,1005,0,0,0,0,0.03,0.76,0,0.2,0.02,0
4,1006,0.02,0,0,0,0.41,0.15,0.04,0.15,0.23,0
6,1007,0,0.27,0,0.12,0.03,0,0.58,0,0,0
5,1008,0.07,0,0,0.04,0.08,0.77,0.01,0.03,0,0
8,1009,0.06,0,0,0.36,0,0,0.06,0,0.51,0
5,1010,0,0,0,0.02,0,0.8,0.06,0.11,0,0
4,1011,0,0,0,0,0.3,0.19,0,0,0.23,0.26
4,1012,0,0,0,0.01,0.83,0.12,0.02,0.03,0,0
7,1013,0.15,0.03,0,0.03,0.04,0.06,0.01,0.66,0,0
8,1014,0,0,0,0,0,0,0,0,1.0,0
0,1015,0.37,0,0,0.03,0,0,0.01,0,0.29,0.28
5,1016,0.03,0,0,0.01,0.2,0.69,0.02,0.04,0,0
5,1017,0,0,0,0,0,0.96,0,0.03,0,0
8,1018,0.19,0.01,0.01,0.01,0.01,0.01,0.01,0.01,0.7,0.01
7,1019,0,0,0,0,0,0,0,1.0,0,0
0,1020,0.63,0,0,0.02,0.07,0.18,0,0.11,0,0
4,1021,0,0.47,0,0,0.52,0,0,0,0,0
5,1022,0.01,0,0,0.13,0.21,0.34,0.09,0.12,0.1,0
0,1023,0.45,0,0,0,0.05,0.4,0.03,0.06,0,0
6,1024,0,0,0,0,0,0.07,0.88,0,0.04,0
9,1025,0.04,0,0,0.02,0.01,0.01,0,0,0,0.91
8,1026,0.06,0,0.17,0,0,0,0.12,0,0.39,0.26
2,1027,0,0,1.0,0,0,0,0,0,0,0
7,1028,0.23,0.13,0,0.02,0.07,0,0.02,0.33,0.08,0.12
5,1029,0.03,0,0,0,0.03,0.72,0,0.2,0,0
5,1030,0.01,0.02,0,0,0.14,0.58,0,0.24,0.01,0
5,1031,0,0,0,0,0.1,0.53,0.23,0.12,0,0
8,1032,0,0,0,0,0,0,0,0,1.0,0
7,1033,0.05,0.05,0.05,0.05,0.05,0.05,0.05,0.55,0.05,0.05
5,1034,0.18,0.02,0,0.03,0.04,0.47,0,0.24,0.02,0
0,1035,0.59,0,0,0.03,0,0.05,0,0.32,0,0
5,1036,0,0.02,0,0,0.11,0.7,0,0.04,0.12,0
7,1037,0.07,0,0,0,0,0.36,0,0.57,0,0
7,1038,0,0,0,0,0,0.47,0,0.53,0,0
5,1039,0,0,0,0.03,0.05,0.62,0.07,0.18,0.05,0
9,1040,0,0,0,0,0.17,0.1,0,0,0,0.73
6,1041,0.03,0,0,0.12,0.07,0.02,0.74,0,0,0
5,1042,0.06,0,0,0,0.05,0.61,0,0.23,0.04,0
5,1043,0.19,0,0,0,0.22,0.51,0,0.02,0.06,0
4,1044,0,0,0,0,0.9,0.09,0,0,0,0
6,1045,0.04,0.02,0,0,0.32,0,0.61,0,0,0
5,1046,0,0,0,0,0,0.8,0,0.2,0,0
5,1047,0,0,0,0,0.09,0.55,0,0,0.36,0
5,1048,0,0,0,0,0,0.52,0,0.05,0.32,0.11
7,1049,0,0,0,0,0,0.04,0,0.79,0.17,0
6,1050,0.15,0.06,0,0.11,0,0,0.65,0,0.02,0
4,1051,0.08,0,0,0.02,0.5,0.07,0,0.33,0,0
5,1052,0.04,0,0,0,0.17,0.74,0.04,0.01,0,0
6,1053,0.27,0.06,0,0,0.13,0.14,0.4,0,0,0
0,1054,0.93,0,0,0.06,0,0,0,0,0,0
5,1055,0.06,0.01,0,0.03,0.05,0.54,0,0,0.17,0.14
5,1056,0,0,0,0,0,0.75,0,0.11,0.14,0
7,1057,0.02,0,0,0.06,0,0.14,0,0.78,0,0
5,1058,0,0.04,0,0,0,0.78,0,0.18,0,0
5,1059,0,0,0,0,0.01,0.76,0,0.22,0,0
5,1060,0,0,0,0,0.01,0.83,0,0.16,0,0
9,1061,0,0,0,0,0,0,0,0,0,1.0
5,1062,0.15,0.04,0,0.03,0.3,0.38,0.07,0.01,0.01,0
5,1063,0,0,0,0,0,0.9,0,0.1,0,0
5,1064,0,0,0,0,0,0.58,0,0.41,0,0
3,1065,0.14,0,0,0.5,0,0.16,0,0.19,0,0
5,1066,0.01,0,0,0,0.01,0.83,0,0.14,0,0
7,1067,0,0,0,0,0.04,0.33,0,0.63,0,0
5,1068,0.28,0,0,0,0.07,0.48,0,0.16,0,0
6,1069,0.23,0.04,0,0.09,0.2,0.13,0.28,0.04,0,0
1,1070,0,0.7,0,0,0,0,0,0.01,0,0.28
5,1071,0,0.03,0,0,0,0.45,0.03,0.04,0.45,0
9,1072,0,0,0,0,0,0,0,0,0,1.0
7,1073,0.05,0.05,0.05,0.05,0.05,0.05,0.05,0.55,0.05,0.05
5,1074,0.03,0,0,0,0.37,0.58,0,0.01,0,0
5,1075,0,0,0,0,0,0.59,0,0.09,0.32,0
9,1076,0.13,0,0,0.09,0.01,0.05,0.15,0.01,0,0.55
6,1077,0.04,0,0,0,0.24,0.02,0.61,0,0.08,0
7,1078,0,0,0,0,0.13,0.36,0.02,0.46,0.03,0
9,1079,0,0,0,0.14,0,0,0,0,0,0.86
7,1080,0.04,0,0,0,0.09,0.33,0,0.54,0,0
5,1081,0.11,0.02,0,0,0.13,0.6,0.06,0.06,0,0
8,1082,0,0,0,0,0,0,0.08,0,0.92,0
5,1083,0.07,0,0,0,0.04,0.73,0,0.09,0.07,0
5,1084,0.01,0.02,0,0.02,0.04,0.47,0.14,0.26,0.02,0
9,1085,0,0,0,0,0,0.14,0,0.07,0,0.79
5,1086,0.15,0.02,0,0.09,0.06,0.48,0.02,0.16,0.02,0
5,1087,0.01,0,0,0,0,0.82,0,0.16,0,0
4,1088,0.02,0.02,0,0.06,0.49,0,0.38,0,0.02,0
6,1089,0,0,0,0,0,0,0.96,0,0,0
7,1090,0.05,0,0,0,0.03,0.09,0,0.83,0,0
5,1091,0,0,0,0.06,0.02,0.91,0,0.02,0,0
5,1092,0,0.02,0,0.03,0.11,0.84,0,0,0,0
5,1093,0,0,0,0,0,0.89,0.05,0.05,0,0
6,1094,0,0.28,0,0.16,0.12,0,0.45,0,0,0
5,1095,0,0,0,0,0,0.51,0,0.11,0,0.38
9,1096,0,0,0,0,0,0.02,0,0.07,0,0.9
7,1097,0.01,0,0,0,0.04,0.3,0,0.65,0,0
7,1098,0,0,0,0,0,0.44,0,0.56,0,0
7,1099,0.31,0,0,0.06,0.04,0.19,0,0.4,0,0
6,1100,0.01,0,0,0.04,0.13,0.07,0.73,0,0,0
5,1101,0,0,0,0.06,0.01,0.81,0,0.12,0,0
5,1102,0,0,0,0,0,0.8,0.02,0.05,0.11,0
3,1103,0.06,0,0,0.53,0,0.27,0.02,0.11,0,0
3,1104,0,0,0,1.0,0,0,0,0,0,0
5,1105,0,0,0.14,0.01,0,0.39,0,0.36,0.1,0
5,1106,0.04,0,0,0,0.06,0.8,0,0.1,0,0
5,1107,0.01,0,0,0,0,0.9,0,0.08,0,0
8,1108,0,0,0,0,0.09,0,0.06,0,0.84,0.01
9,1109,0,0,0,0,0,0,0,0,0,1.0
6,1110,0,0,0,0,0.17,0,0.83,0,0,0
7,1111,0,0,0,0,0,0.33,0,0.67,0,0
5,1112,0,0,0,0,0,0.78,0,0.22,0,0
2,1113,0,0,1.0,0,0,0,0,0,0,0
4,1114,0,0.12,0,0.07,0.38,0,0.07,0,0,0.36
5,1115,0,0,0,0,0,0.9,0,0.09,0,0
9,1116,0,0,0,0,0.01,0.22,0,0.07,0,0.69
0,1117,0.36,0.01,0,0.01,0.07,0.19,0,0.35,0,0
1,1118,0,0.66,0,0,0.08,0.12,0.13,0,0,0
5,1119,0.03,0,0,0,0.01,0.81,0,0.14,0,0
3,1120,0,0.02,0,0.93,0,0,0,0,0,0.04
7,1121,0,0,0,0,0.05,0.19,0.03,0.7,0.03,0
9,1122,0,0,0,0,0,0,0,0,0,1.0
5,1123,0.03,0,0,0,0.01,0.85,0,0.11,0,0
5,1124,0.14,0,0,0,0.03,0.65,0,0.19,0,0
5,1125,0,0,0,0,0.01,0.78,0,0.2,0,0
9,1126,0,0,0,0,0,0,0,0,0,0.99
5,1127,0,0,0,0,0.02,0.67,0,0.29,0,0.01
5,1128,0,0,0,0,0.05,0.37,0,0.05,0.28,0.26
6,1129,0.17,0.05,0,0,0.11,0.15,0.44,0.08,0,0
3,1130,0,0,0,0.59,0.26,0.05,0.05,0.04,0,0
4,1131,0.05,0.12,0,0,0.56,0.09,0,0,0.17,0
1,1132,0,1.0,0,0,0,0,0,0,0,0
5,1133,0,0.02,0,0,0,0.87,0.06,0.03,0.02,0
5,1134,0.06,0.01,0,0,0.26,0.35,0.3,0.02,0,0
8,1135,0,0,0,0,0,0,0,0,0.98,0
5,1136,0.09,0,0,0,0.05,0.8,0.02,0.03,0,0
7,1137,0,0,0,0,0,0.25,0,0.75,0,0
3,1138,0,0,0,0.53,0,0,0.32,0,0.14,0
8,1139,0,0,0,0,0,0,0,0,1.0,0
4,1140,0.13,0.11,0,0.24,0.25,0.03,0.24,0,0,0
6,1141,0,0.12,0,0,0,0,0.87,0,0,0
5,1142,0.01,0,0,0,0.02,0.83,0.02,0.12,0,0
5,1143,0,0,0,0,0,0.56,0,0.44,0,0
7,1144,0.05,0.05,0.05,0.05,0.05,0.05,0.05,0.55,0.05,0.05
3,1145,0.18,0,0,0.47,0.03,0.25,0,0.06,0,0
7,1146,0,0,0,0.03,0.03,0.18,0,0.73,0.02,0
4,1147,0,0,0,0,0.58,0.19,0,0.23,0,0
7,1148,0.26,0,0,0,0.08,0.31,0,0.34,0,0
7,1149,0.1,0,0,0.08,0,0.25,0.18,0.38,0,0
5,1150,0,0,0,0,0,0.66,0,0.32,0,0
5,1151,0,0,0,0,0,0.82,0,0.02,0.07,0.09
8,1152,0,0,0,0,0,0.29,0,0.01,0.7,0
3,1153,0.06,0,0,0.57,0.02,0.24,0,0.07,0.05,0
7,1154,0.05,0,0,0,0.08,0.29,0,0.35,0.09,0.13
7,1155,0,0,0,0,0,0.32,0,0.68,0,0
5,1156,0.02,0.03,0,0.06,0.03,0.33,0.21,0.02,0.31,0
8,1157,0,0,0,0,0,0.36,0.04,0,0.59,0
3,1158,0.22,0,0,0.46,0.16,0.15,0,0,0,0
1,1159,0.22,0.47,0,0,0,0.24,0,0,0.04,0.03
5,1160,0.24,0.05,0,0,0.12,0.48,0.01,0.1,0,0
3,1161,0.02,0,0,0.61,0.17,0.19,0,0.01,0,0
0,1162,0.34,0.02,0,0.03,0.16,0.01,0.09,0.31,0.05,0
5,1163,0.03,0.01,0,0,0.04,0.79,0.06,0.07,0,0
5,1164,0.07,0,0,0,0.02,0.85,0,0.06,0,0
4,1165,0.19,0,0,0,0.43,0.19,0.19,0,0,0
4,1166,0.13,0,0,0,0.79,0.08,0,0,0,0
7,1167,0.11,0,0,0,0.05,0.06,0,0.77,0,0
6,1168,0,0.06,0,0.02,0.04,0,0.88,0,0,0
8,1169,0,0.01,0,0.1,0,0.04,0,0,0.85,0
0,1170,0.7,0,0,0.14,0.09,0.02,0,0.05,0,0
5,1171,0,0,0,0,0,0.86,0,0.14,0,0
5,1172,0,0,0,0.03,0.16,0.42,0,0.09,0.21,0.09
5,1173,0.17,0.03,0,0,0.04,0.53,0.02,0.17,0.02,0
3,1174,0,0,0,0.71,0,0,0.17,0,0,0.11
7,1175,0,0,0,0,0,0.05,0,0.95,0,0
6,1176,0.05,0.19,0,0.29,0.04,0.02,0.3,0.07,0.04,0
6,1177,0,0.2,0.13,0,0,0,0.37,0,0,0.27
5,1178,0.04,0,0,0,0.03,0.9,0,0.03,0,0
7,1179,0,0,0,0,0.09,0.4,0,0.5,0,0
5,1180,0.09,0,0,0,0.06,0.79,0,0.06,0,0
3,1181,0.04,0,0,0.57,0.32,0.05,0,0.02,0,0
8,1182,0,0.12,0,0.03,0,0,0,0,0.81,0.04
9,1183,0.11,0.05,0,0,0,0.38,0,0,0,0.46
5,1184,0,0,0,0,0.2,0.34,0,0.03,0.14,0.28
0,1185,0.43,0.02,0,0,0,0.23,0,0,0.23,0.1
9,1186,0,0,0,0,0.14,0.1,0,0,0.27,0.48
9,1187,0.15,0.05,0,0,0,0,0.08,0,0.13,0.59
7,1188,0.02,0,0,0,0,0,0,0.98,0,0
5,1189,0,0,0,0,0,0.52,0,0.33,0,0.14
7,1190,0,0,0,0,0,0.18,0,0.81,0,0
5,1191,0.12,0.12,0,0,0.01,0.46,0,0.29,0,0
5,1192,0.09,0,0,0,0.02,0.64,0.03,0.22,0,0
4,1193,0,0,0,0,0.69,0.08,0,0.2,0.02,0
5,1194,0.07,0.01,0,0,0.19,0.59,0,0.11,0.02,0
8,1195,0,0,0,0,0,0,0,0,0.96,0.04
5,1196,0.04,0,0,0,0.39,0.45,0.11,0,0,0
4,1197,0.23,0.02,0,0.12,0.33,0.22,0.08,0,0,0
5,1198,0.03,0,0,0,0.06,0.9,0,0,0.01,0
7,1199,0.05,0.05,0.05,0.05,0.05,0.05,0.05,0.55,0.05,0.05
9,1200,0.03,0,0,0,0.01,0.35,0.02,0.02,0,0.57
5,1201,0.07,0,0,0,0.03,0.61,0,0.29,0,0
9,1202,0,0,0,0.09,0,0.12,0.12,0.03,0,0.64
3,1203,0,0,0,0.67,0,0,0,0,0,0.27
2,1204,0,0,1.0,0,0,0,0,0,0,0
8,1205,0,0,0,0,0.03,0.08,0.07,0,0.61,0.21
0,1206,0.37,0.03,0,0,0.16,0.25,0.06,0.11,0,0
8,1207,0,0,0,0,0.12,0.03,0,0,0.85,0
5,1208,0.03,0,0,0.4,0,0.46,0,0.11,0,0
5,1209,0,0.08,0.03,0,0.09,0.53,0,0.05,0.22,0
5,1210,0,0,0,0,0,0.8,0,0.2,0,0
0,1211,0.87,0,0,0.05,0.04,0,0.03,0,0,0
5,1212,0.14,0,0,0,0,0.58,0,0.27,0,0
5,1213,0,0,0,0,0,0.62,0,0.38,0,0
5,1214,0.02,0.02,0,0.04,0.09,0.77,0,0,0,0.06
7,1215,0,0,0,0,0,0.39,0,0.6,0,0
8,1216,0.02,0.02,0.02,0.02,0.02,0.02,0.02,0.02,0.85,0.02
5,1217,0.03,0,0,0,0.03,0.6,0.03,0.3,0,0
5,1218,0.01,0.02,0,0,0.01,0.75,0.03,0.18,0,0
5,1219,0.11,0.01,0,0.01,0.2,0.64,0,0.03,0,0
8,1220,0,0,0,0.02,0.3,0.02,0,0,0.37,0.27
9,1221,0,0,0,0,0,0,0,0,0,1.0
5,1222,0,0,0,0,0,0.66,0,0.34,0,0
5,1223,0.15,0,0,0,0,0.7,0,0.15,0,0
7,1224,0.09,0,0,0,0.03,0.24,0.23,0.4,0,0
6,1225,0.37,0.03,0,0.03,0.05,0.1,0.4,0.02,0,0
5,1226,0.01,0,0,0,0.06,0.64,0.1,0.18,0,0
8,1227,0.02,0,0,0,0.03,0.25,0,0.1,0.35,0.25
0,1228,0.43,0,0,0,0.15,0.35,0.01,0.04,0,0
6,1229,0.14,0.06,0,0.02,0.21,0.06,0.33,0.11,0.06,0.01
0,1230,0.34,0.02,0,0.13,0.2,0.11,0.03,0.16,0,0
4,1231,0.01,0.08,0,0,0.54,0.14,0,0.13,0.1,0
5,1232,0.04,0,0,0,0,0.81,0,0.15,0,0
5,1233,0.06,0.02,0,0.02,0.09,0.69,0,0,0.01,0.1
5,1234,0,0.01,0,0,0.29,0.44,0,0.03,0.22,0
6,1235,0,0,0,0.05,0.07,0.03,0.84,0,0,0
9,1236,0.13,0,0,0.01,0,0.12,0.04,0.02,0.01,0.66
5,1237,0.17,0.02,0,0,0.09,0.59,0.1,0.01,0,0
5,1238,0.13,0.1,0,0,0.23,0.44,0.01,0.06,0,0
5,1239,0,0,0,0,0,0.6,0,0.39,0,0
0,1240,0.58,0,0,0.04,0,0.02,0,0.2,0.14,0
5,1241,0.35,0,0,0.02,0.04,0.56,0,0.04,0,0
8,1242,0,0.03,0,0,0,0.18,0.03,0.01,0.74,0
5,1243,0.03,0,0,0,0.07,0.35,0,0,0.23,0.31
4,1244,0,0,0,0.29,0.45,0.17,0.08,0,0,0
9,1245,0,0,0,0,0,0,0,0,0,1.0
0,1246,0.52,0,0,0,0,0.13,0,0.33,0,0
6,1247,0.17,0.01,0,0.06,0,0,0.56,0,0.15,0.03
4,1248,0,0.01,0,0,0.61,0.23,0,0,0.13,0
9,1249,0.18,0,0,0,0.03,0.29,0,0.06,0,0.43
5,1250,0,0.17,0,0,0,0.75,0,0,0.07,0
3,1251,0.07,0,0,0.62,0.22,0.08,0,0,0,0
3,1252,0,0.01,0,0.94,0,0,0,0,0,0.05
8,1253,0,0,0.23,0,0,0,0.21,0,0.46,0.1
5,1254,0.18,0,0,0,0.1,0.65,0,0.05,0,0
5,1255,0,0,0,0,0.01,0.56,0,0.42,0,0
6,1256,0,0,0,0,0,0,1.0,0,0,0
7,1257,0.33,0.01,0,0,0,0,0.03,0.61,0,0
3,1258,0,0.06,0,0.51,0.43,0,0,0,0,0
7,1259,0,0,0,0,0,0.22,0,0.77,0,0
7,1260,0.08,0,0,0,0.05,0.36,0,0.51,0,0
5,1261,0.01,0,0,0,0.06,0.87,0,0.05,0,0
7,1262,0.16,0,0,0,0.06,0.02,0,0.76,0,0
5,1263,0.08,0,0,0,0.04,0.45,0,0.06,0.03,0.33
7,1264,0.16,0,0,0,0,0.27,0.04,0.52,0,0
5,1265,0.19,0,0,0,0.08,0.42,0.31,0,0,0
5,1266,0.03,0.01,0,0,0,0.84,0,0.11,0,0
5,1267,0.16,0,0,0,0.06,0.65,0,0.12,0,0
7,1268,0,0,0,0,0,0.16,0,0.84,0,0
6,1269,0.02,0.03,0,0.1,0.22,0.04,0.49,0.04,0.06,0
5,1270,0.1,0,0,0,0.07,0.8,0,0.02,0,0
3,1271,0,0,0,0.43,0.23,0.17,0.06,0.08,0.02,0
9,1272,0,0,0,0,0,0,0,0,0,1.0
6,1273,0,0.02,0,0,0.25,0.03,0.7,0,0,0
4,1274,0,0,0,0.2,0.48,0.3,0,0,0.02,0
0,1275,0.43,0.02,0,0,0.1,0.36,0,0,0,0.09
8,1276,0,0,0,0,0,0,0,0,1.0,0
6,1277,0.04,0.13,0,0,0,0.04,0.78,0,0,0
5,1278,0.03,0,0,0.16,0.13,0.51,0,0.16,0,0
5,1279,0.09,0,0,0,0.05,0.8,0.04,0.01,0,0
8,1280,0,0,0,0,0,0.48,0,0,0.5,0.01
7,1281,0,0,0,0,0,0.24,0,0.76,0,0
6,1282,0.25,0.15,0,0,0.1,0.09,0.41,0,0,0
5,1283,0.03,0,0,0.03,0.12,0.72,0,0.08,0,0
5,1284,0.07,0,0,0,0,0.57,0.04,0.3,0,0
5,1285,0,0,0,0.36,0,0.63,0,0,0,0
3,1286,0.07,0,0,0.62,0.02,0.09,0,0.2,0,0
5,1287,0.05,0,0,0,0,0.7,0,0.24,0,0
4,1288,0,0,0,0.49,0.51,0,0,0,0,0
5,1289,0,0,0,0.16,0.07,0.68,0,0.09,0,0
6,1290,0,0,0,0,0,0.02,0.8,0.01,0.17,0
6,1291,0,0,0,0,0,0,1.0,0,0,0
9,1292,0.05,0,0,0,0.05,0.28,0,0,0.12,0.5
5,1293,0,0,0,0,0.2,0.72,0.01,0.02,0.04,0
8,1294,0,0,0,0,0,0,0,0,1.0,0
8,1295,0.01,0.18,0.03,0.05,0.19,0.02,0,0,0.5,0.01
0,1296,0.31,0.2,0,0.08,0,0.1,0.22,0.05,0,0.02
5,1297,0.03,0.01,0,0,0.03,0.68,0,0.19,0.05,0
7,1298,0.16,0,0,0,0.06,0,0,0.77,0,0
5,1299,0,0,0,0,0.1,0.76,0,0.14,0,0
8,1300,0,0,0,0,0.2,0.02,0,0,0.52,0.26
5,1301,0,0,0,0,0,0.99,0,0,0,0
0,1302,0.27,0.05,0,0.01,0.26,0.19,0.2,0,0,0
6,1303,0,0.03,0,0.3,0.22,0,0.45,0,0,0
5,1304,0,0,0,0,0,0.68,0,0.32,0,0
7,1305,0,0,0,0,0.04,0.23,0.03,0.69,0,0
5,1306,0.18,0,0,0.01,0.14,0.44,0.03,0.2,0,0
5,1307,0.08,0,0,0,0,0.65,0,0.26,0,0
9,1308,0,0,0,0,0,0,0,0,0,1.0
8,1309,0,0.01,0,0,0,0.26,0,0.06,0.67,0
7,1310,0.16,0.02,0,0.02,0,0.13,0.04,0.63,0,0
5,1311,0,0,0,0,0.01,0.86,0,0.13,0,0
8,1312,0,0,0,0,0,0,0,0.01,0.97,0
5,1313,0.34,0.01,0,0.01,0.15,0.36,0.03,0.1,0,0
8,1314,0,0,0,0,0,0.31,0,0.05,0.63,0
4,1315,0,0,0,0.37,0.39,0,0.2,0,0.04,0
6,1316,0,0.05,0,0,0.08,0,0.79,0,0,0.07
5,1317,0,0,0,0,0,0.92,0,0.07,0,0
8,1318,0,0,0,0,0,0,0,0,0.99,0
6,1319,0,0,0,0,0,0,1.0,0,0,0
1,1320,0.27,0.45,0,0,0,0,0.28,0,0,0
5,1321,0.04,0,0,0,0.02,0.78,0.03,0.14,0,0
4,1322,0,0,0,0,0.76,0.08,0.04,0.11,0,0
5,1323,0,0,0,0,0.03,0.69,0,0.28,0,0
0,1324,0.52,0,0,0,0,0.15,0.01,0.3,0,0
5,1325,0.29,0,0,0,0.07,0.53,0.06,0.04,0,0
5,1326,0,0,0,0.06,0.02,0.86,0.04,0,0,0
5,1327,0,0,0,0,0,0.67,0.06,0.26,0,0
5,1328,0.01,0,0,0,0,0.87,0,0.11,0,0
5,1329,0,0,0,0,0,0.59,0,0.33,0.08,0
7,1330,0,0,0,0,0.01,0.3,0,0.68,0,0
1,1331,0.03,0.55,0,0.14,0.05,0,0.2,0,0.02,0
6,1332,0,0.03,0,0.04,0.09,0,0.79,0,0.05,0
5,1333,0,0,0,0.17,0.09,0.67,0.04,0.02,0,0
1,1334,0.02,0.58,0,0,0,0.37,0,0.02,0,0
9,1335,0,0,0,0,0,0,0,0,0,1.0
5,1336,0.05,0,0,0,0.01,0.75,0.15,0.03,0,0
5,1337,0.02,0.01,0,0,0.13,0.4,0,0.03,0.19,0.21
8,1338,0,0,0,0.03,0.07,0.37,0,0,0.53,0
5,1339,0.04,0,0,0,0.04,0.84,0,0.04,0.03,0
1,1340,0,0.81,0,0,0,0.08,0,0,0.1,0.02
8,1341,0,0,0,0,0,0.3,0,0,0.7,0
5,1342,0.09,0.04,0,0,0.12,0.61,0.08,0.05,0,0
3,1343,0,0,0,0.83,0,0,0.1,0,0,0.07
7,1344,0,0,0,0,0,0.45,0.01,0.53,0,0
5,1345,0.02,0,0,0.04,0.11,0.78,0,0,0,0.05
1,1346,0,1.0,0,0,0,0,0,0,0,0
0,1347,0.5,0,0,0.02,0.02,0.24,0,0.02,0.19,0
0,1348,0.64,0,0,0.02,0,0.01,0,0.33,0,0
8,1349,0,0,0,0,0.2,0.27,0.08,0,0.43,0
9,1350,0,0,0,0,0,0,0.02,0.1,0,0.87
6,1351,0,0.11,0,0.01,0.06,0,0.81,0,0,0
5,1352,0,0,0,0,0.3,0.55,0,0.15,0,0
7,1353,0.06,0.01,0,0,0,0.28,0.1,0.54,0,0
8,1354,0,0,0,0,0,0,0,0,1.0,0
5,1355,0.33,0,0,0,0.05,0.42,0.05,0.14,0,0
0,1356,0.43,0,0,0.07,0.07,0.18,0.11,0.1,0.04,0
0,1357,0.53,0,0,0.16,0.08,0.13,0,0.03,0.06,0
6,1358,0.39,0,0,0,0,0,0.52,0.08,0,0
5,1359,0.3,0,0,0,0.02,0.43,0,0.24,0,0
5,1360,0.03,0,0,0,0.04,0.55,0.09,0.26,0.01,0
5,1361,0.1,0,0,0,0.06,0.59,0,0.24,0,0
5,1362,0,0,0,0,0,0.51,0,0.46,0.02,0
4,1363,0,0.16,0,0,0.38,0,0,0.37,0,0.08
8,1364,0,0,0,0.05,0.02,0.12,0.2,0,0.61,0
8,1365,0,0,0,0,0,0,0,0,0.99,0
5,1366,0.06,0,0,0,0.04,0.81,0.05,0,0,0
0,1367,0.6,0.01,0,0,0.05,0.09,0,0.23,0,0
5,1368,0.01,0,0,0,0,0.71,0.07,0.21,0,0
8,1369,0,0.01,0,0,0,0.21,0.01,0.02,0.74,0
5,1370,0.34,0.03,0,0,0.1,0.39,0.03,0.11,0,0
5,1371,0.03,0,0,0,0.01,0.71,0,0.24,0,0
6,1372,0,0,0,0.06,0,0.15,0.59,0,0.19,0
9,1373,0,0,0,0,0,0.27,0,0.16,0,0.57
7,1374,0.02,0.02,0,0,0.12,0.05,0,0.79,0,0
7,1375,0.05,0.02,0,0,0,0.2,0.04,0.69,0,0
0,1376,0.28,0.15,0,0.14,0.27,0,0,0.14,0.01,0
3,1377,0,0.06,0,0.69,0.24,0,0,0,0,0.01
8,1378,0.01,0,0,0,0,0.05,0,0.14,0.8,0
9,1379,0.05,0,0,0.07,0,0.14,0,0.1,0.13,0.51
9,1380,0,0,0,0,0,0.03,0,0,0.07,0.9
4,1381,0,0.06,0.01,0.01,0.49,0,0.02,0.02,0.38,0.01
1,1382,0.06,0.61,0,0.01,0.12,0,0,0,0.2,0
5,1383,0,0,0,0,0,0.87,0,0.13,0,0
2,1384,0,0,1.0,0,0,0,0,0,0,0
5,1385,0.08,0,0,0,0.1,0.73,0.06,0.01,0,0
3,1386,0.02,0,0,0.9,0,0,0.03,0.05,0,0
3,1387,0,0,0,0.64,0,0,0,0,0.34,0.01
6,1388,0.17,0.06,0,0.02,0.23,0.09,0.34,0.05,0.03,0
9,1389,0,0,0,0,0,0,0,0,0,1.0
5,1390,0.1,0.02,0,0,0,0.73,0.03,0.11,0,0
5,1391,0.06,0,0,0.33,0.01,0.41,0,0.18,0,0
5,1392,0.03,0,0,0,0,0.7,0.03,0.24,0,0
6,1393,0,0.06,0,0.03,0.2,0.2,0.29,0,0.21,0
6,1394,0.02,0.01,0,0,0.15,0,0.81,0,0,0.01
5,1395,0.06,0,0,0.33,0.06,0.41,0.03,0.1,0,0
6,1396,0.04,0,0,0,0,0.15,0.79,0.02,0,0
5,1397,0.27,0,0,0,0.02,0.42,0.11,0.17,0,0
7,1398,0,0,0,0,0.09,0.39,0,0.5,0,0
5,1399,0,0,0,0,0.08,0.76,0,0,0.15,0
8,1400,0.02,0.12,0,0,0.25,0.09,0,0,0.3,0.22
5,1401,0,0.01,0,0,0.1,0.51,0.02,0.3,0.04,0.02
7,1402,0,0,0,0,0,0.38,0,0.62,0,0
5,1403,0.01,0,0,0,0.05,0.77,0,0.17,0,0
7,1404,0.21,0,0,0,0,0.11,0.01,0.66,0,0
6,1405,0,0.08,0,0,0.27,0,0.46,0.18,0,0
7,1406,0.05,0.05,0.05,0.05,0.05,0.05,0.05,0.55,0.05,0.05
7,1407,0.35,0,0,0,0,0,0,0.63,0,0
0,1408,0.6,0.03,0,0.04,0.02,0.11,0.02,0.17,0,0
0,1409,1.0,0,0,0,0,0,0,0,0,0
5,1410,0.04,0,0,0,0.08,0.49,0.02,0.36,0,0
5,1411,0.05,0,0,0.01,0.03,0.81,0.05,0.04,0,0
4,1412,0,0.27,0,0.29,0.44,0,0,0,0,0
0,1413,0.59,0.1,0,0,0.23,0,0,0,0.05,0.02
8,1414,0,0,0,0.15,0.04,0.05,0,0,0.75,0
5,1415,0,0,0,0,0,0.72,0,0.28,0,0
8,1416,0,0.01,0,0,0,0.41,0,0.04,0.53,0
0,1417,0.67,0,0,0.12,0.01,0.14,0,0.06,0,0
6,1418,0.04,0.04,0,0.02,0.2,0.1,0.59,0.01,0,0
5,1419,0.01,0,0,0,0.04,0.52,0,0.43,0,0
8,1420,0,0,0,0,0,0.46,0,0.05,0.49,0
7,1421,0,0,0,0,0,0,0,1.0,0,0
7,1422,0.13,0,0,0,0.04,0.25,0.01,0.56,0,0
6,1423,0,0,0,0,0,0,1.0,0,0,0
5,1424,0.17,0,0,0,0,0.65,0,0.17,0,0
5,1425,0,0,0,0.1,0.1,0.72,0,0.08,0,0
7,1426,0.07,0,0,0,0.04,0.37,0.02,0.49,0.01,0
6,1427,0.04,0,0,0.26,0,0.08,0.61,0,0,0
9,1428,0,0,0,0,0,0,0,0,0,1.0
7,1429,0.03,0.03,0.03,0.03,0.32,0.03,0.03,0.41,0.03,0.03
5,1430,0,0.06,0,0,0.15,0.44,0.04,0,0.31,0
3,1431,0.1,0,0,0.68,0.04,0.11,0.02,0.06,0,0
7,1432,0,0,0,0,0,0.1,0,0.9,0,0
6,1433,0.08,0.05,0,0,0.05,0.35,0.39,0.06,0.02,0
5,1434,0.14,0,0,0,0.04,0.58,0,0.24,0,0
8,1435,0,0,0,0,0,0,0,0,1.0,0
7,1436,0.05,0,0,0,0.03,0.27,0,0.64,0,0
9,1437,0,0,0,0,0,0,0.09,0,0,0.9
4,1438,0,0,0,0,0.6,0.28,0,0.02,0.09,0
7,1439,0,0,0,0,0.01,0.26,0,0.73,0,0
5,1440,0,0,0,0,0,0.74,0,0.25,0,0
8,1441,0,0,0,0,0.3,0.08,0,0,0.41,0.21
7,1442,0.16,0,0,0,0.04,0.13,0,0.45,0.22,0
9,1443,0,0,0,0,0,0,0,0,0,1.0
9,1444,0,0,0,0.04,0,0,0,0,0,0.95
5,1445,0,0,0,0,0,0.63,0,0.36,0,0
6,1446,0.06,0.16,0,0.05,0.1,0.05,0.42,0.07,0.08,0
5,1447,0.03,0,0,0.23,0.04,0.49,0,0.2,0,0
4,1448,0,0,0,0,0.67,0.07,0,0.26,0,0
6,1449,0.02,0.02,0.02,0.02,0.02,0.02,0.51,0.02,0.33,0.02
9,1450,0,0,0,0,0,0,0,0,0.06,0.93
5,1451,0,0,0,0,0,0.88,0,0.06,0.06,0
5,1452,0,0,0,0.02,0.29,0.63,0,0,0.05,0
4,1453,0,0.02,0,0,0.55,0.04,0.39,0,0,0
7,1454,0.11,0,0,0,0.04,0.3,0,0.54,0,0
4,1455,0,0.02,0,0.03,0.32,0.31,0,0.02,0.3,0
9,1456,0,0,0,0,0,0,0,0,0,1.0
5,1457,0,0,0,0,0,0.79,0,0.09,0.12,0
4,1458,0.04,0.02,0,0.27,0.44,0.04,0.19,0,0,0
0,1459,0.49,0,0,0.04,0.31,0.06,0.02,0,0.09,0
8,1460,0,0,0,0,0,0.24,0.02,0,0.74,0
4,1461,0.05,0,0,0,0.39,0.19,0,0,0.29,0.06
8,1462,0.06,0,0,0,0,0.02,0,0.31,0.62,0
5,1463,0,0,0,0,0,0.84,0,0.16,0,0
4,1464,0,0,0.04,0.02,0.74,0,0,0.05,0.15,0
5,1465,0,0,0,0,0.17,0.69,0.06,0.03,0.04,0
7,1466,0,0,0,0,0.04,0.32,0.02,0.48,0.14,0
5,1467,0.04,0,0,0.31,0,0.39,0,0.24,0,0
6,1468,0.01,0.01,0,0,0.18,0.09,0.69,0,0,0
7,1469,0,0,0,0,0,0.37,0,0.63,0,0
8,1470,0,0.09,0,0,0.17,0.1,0,0,0.57,0.05
5,1471,0,0,0,0,0.05,0.53,0.06,0.34,0.01,0
6,1472,0,0.2,0,0.2,0,0,0.54,0,0.06,0
7,1473,0.07,0,0,0,0.04,0.17,0,0.72,0,0
5,1474,0,0,0,0,0,0.77,0,0.23,0,0
7,1475,0,0,0,0,0.03,0.37,0,0.6,0,0
0,1476,0.61,0.01,0,0.02,0.27,0.06,0.03,0,0,0
8,1477,0,0,0,0,0,0.39,0,0.04,0.5,0.06
1,1478,0,0.66,0,0,0.04,0.15,0.15,0,0,0
9,1479,0.05,0,0,0,0,0,0,0,0,0.94
8,1480,0,0.19,0,0,0.11,0.18,0,0,0.51,0
9,1481,0,0,0,0,0,0,0,0.02,0,0.98
5,1482,0.04,0.01,0,0,0.03,0.84,0.05,0.04,0,0
2,1483,0,0,1.0,0,0,0,0,0,0,0
0,1484,0.7,0,0,0,0.02,0.18,0,0.11,0,0
5,1485,0,0,0,0,0,0.86,0,0.13,0,0
8,1486,0.04,0.02,0,0,0.04,0.08,0,0.05,0.77,0
5,1487,0.02,0,0,0,0.26,0.61,0,0.09,0.01,0
4,1488,0,0.1,0.03,0,0.6,0,0.04,0,0.22,0
4,1489,0.02,0.17,0,0.08,0.34,0,0.01,0.1,0.26,0
3,1490,0.15,0.01,0,0.37,0.1,0.21,0.14,0.02,0,0
6,1491,0,0,0,0.01,0,0,0.98,0,0,0
5,1492,0,0,0,0,0,0.79,0,0.19,0,0
5,1493,0,0.03,0,0,0,0.92,0,0.03,0,0
5,1494,0,0,0,0,0,0.79,0,0.2,0,0
7,1495,0,0,0,0,0,0.23,0,0.77,0,0
5,1496,0,0,0,0,0.23,0.38,0,0.38,0,0
7,1497,0.02,0,0,0.07,0.02,0.09,0.01,0.58,0.02,0.18
0,1498,0.47,0,0,0.01,0,0.15,0,0.36,0,0
5,1499,0.03,0,0,0,0,0.39,0.27,0,0.3,0
5,1500,0.03,0,0,0,0,0.64,0,0.32,0.01,0
5,1501,0.03,0,0,0.02,0.29,0.65,0,0,0,0
5,1502,0,0,0.15,0.02,0,0.55,0,0.19,0.09,0
5,1503,0.36,0,0,0,0.1,0.39,0.14,0,0,0
9,1504,0,0,0,0,0,0,0,0,0,1.0
6,1505,0,0,0,0,0,0,1.0,0,0,0
7,1506,0,0,0,0,0.04,0.33,0,0.6,0.02,0
5,1507,0.33,0.02,0,0,0.09,0.4,0.13,0.03,0,0
5,1508,0.07,0,0,0.01,0.07,0.77,0,0.06,0,0
8,1509,0,0,0,0,0,0.33,0,0.08,0.59,0
9,1510,0,0,0,0,0,0,0,0,0,1.0
9,1511,0,0,0,0,0,0,0,0,0,1.0
5,1512,0,0,0,0,0,0.82,0,0.18,0,0
6,1513,0.32,0.13,0,0,0,0,0.52,0,0,0.02
7,1514,0.1,0,0,0,0,0.24,0.01,0.61,0.03,0
6,1515,0,0,0,0,0,0,0.99,0,0,0
7,1516,0,0,0,0,0,0.32,0,0.68,0,0
5,1517,0.02,0,0,0.31,0.15,0.4,0.12,0,0,0
5,1518,0.03,0,0,0,0,0.75,0.01,0.19,0,0
7,1519,0,0,0,0,0,0,0,1.0,0,0
8,1520,0,0,0,0,0,0.34,0,0.08,0.58,0
5,1521,0.01,0,0,0,0.04,0.76,0,0.18,0,0
1,1522,0,0.61,0,0,0.02,0.04,0.29,0.04,0,0
6,1523,0,0.3,0,0.12,0,0.02,0.51,0,0.03,0
0,1524,0.84,0,0,0,0,0.03,0,0.11,0,0
0,1525,0.56,0,0,0,0,0.38,0,0.06,0,0
5,1526,0,0,0,0,0,0.45,0,0.06,0.27,0.22
4,1527,0.04,0.03,0,0.01,0.33,0.19,0.03,0,0.07,0.3
4,1528,0.08,0.08,0,0,0.53,0.08,0.08,0.09,0.05,0
7,1529,0.42,0,0,0,0,0,0,0.56,0,0
5,1530,0,0,0,0,0.06,0.56,0.03,0.33,0,0
5,1531,0,0,0,0,0.1,0.49,0,0.14,0.27,0
5,1532,0.12,0,0,0,0.06,0.66,0.02,0.12,0.02,0
9,1533,0,0,0,0,0,0,0,0,0,1.0
2,1534,0,0,1.0,0,0,0,0,0,0,0
7,1535,0.11,0,0,0,0,0.42,0,0.47,0,0
5,1536,0.02,0,0,0,0,0.81,0,0.17,0,0
3,1537,0,0,0,1.0,0,0,0,0,0,0
5,1538,0,0,0,0,0,0.69,0,0.06,0.09,0.16
4,1539,0,0.11,0,0.04,0.55,0.21,0.05,0.03,0,0
3,1540,0,0,0,1.0,0,0,0,0,0,0
5,1541,0.12,0,0,0,0.1,0.7,0.07,0,0,0
5,1542,0.23,0,0,0,0.02,0.45,0.18,0.1,0,0
4,1543,0,0,0,0,0.63,0.31,0,0.04,0.01,0
9,1544,0,0,0,0,0,0,0,0,0,0.99
5,1545,0.04,0,0,0.27,0.02,0.48,0,0.2,0,0
7,1546,0,0,0,0,0,0,0,1.0,0,0
5,1547,0,0,0,0,0,0.54,0.02,0.43,0,0
7,1548,0.03,0,0,0.26,0.03,0.09,0.09,0.4,0.09,0
6,1549,0,0,0,0.01,0.07,0,0.91,0,0,0
3,1550,0.09,0,0,0.5,0.35,0,0,0.04,0,0
9,1551,0,0,0,0,0,0,0,0,0,1.0
8,1552,0.03,0,0,0,0,0,0.02,0,0.94,0
5,1553,0.28,0.02,0,0,0.08,0.49,0.09,0.02,0,0
8,1554,0,0,0,0.44,0,0,0,0,0.56,0
7,1555,0,0,0,0.03,0,0.26,0,0.69,0,0
5,1556,0.01,0,0,0,0,0.65,0,0.31,0,0
5,1557,0,0,0,0,0.01,0.96,0,0.03,0,0
0,1558,0.71,0,0,0.01,0.01,0.07,0.02,0.18,0,0
5,1559,0,0,0,0,0,0.76,0,0.23,0,0
0,1560,0.7,0,0,0.14,0,0,0.02,0,0.14,0
7,1561,0,0,0,0,0,0.27,0,0.72,0,0
1,1562,0,0.52,0,0.05,0.23,0.15,0,0.04,0,0
5,1563,0,0,0,0,0,0.79,0,0.2,0,0
5,1564,0,0,0,0,0,0.94,0,0.06,0,0
7,1565,0.01,0,0,0.07,0.01,0.41,0.05,0.43,0,0
5,1566,0,0,0,0.02,0.21,0.52,0.24,0,0,0
5,1567,0,0,0,0,0,0.89,0,0,0.09,0.01
5,1568,0,0,0,0,0,0.51,0,0.49,0,0
5,1569,0.22,0,0,0,0.06,0.56,0.09,0.06,0,0
2,1570,0,0,1.0,0,0,0,0,0,0,0
5,1571,0.2,0,0,0,0.02,0.67,0.01,0.08,0,0
5,1572,0.01,0.02,0,0,0,0.85,0.02,0.09,0,0
7,1573,0.01,0.01,0.01,0.01,0.01,0.01,0.01,0.9,0.01,0.01
9,1574,0.13,0.02,0,0,0,0,0.17,0,0,0.68
0,1575,1.0,0,0,0,0,0,0,0,0,0
4,1576,0,0,0,0,0.43,0.42,0,0.16,0,0
5,1577,0.01,0.01,0.01,0.01,0.01,0.89,0.01,0.01,0.01,0.01
5,1578,0.01,0,0,0,0,0.93,0,0.04,0,0
8,1579,0.05,0,0,0,0,0,0,0,0.94,0
5,1580,0,0,0,0,0,0.65,0.02,0.32,0,0
5,1581,0,0,0,0,0,0.69,0,0.27,0,0.02
0,1582,0.36,0,0,0,0.11,0.14,0.03,0.36,0,0
6,1583,0.19,0.11,0,0.07,0.03,0,0.39,0.11,0.09,0
5,1584,0.05,0,0,0,0.05,0.71,0.05,0.14,0,0
4,1585,0,0,0,0,0.5,0.03,0.35,0,0.1,0
5,1586,0.21,0,0,0,0.07,0.38,0.04,0.27,0,0
5,1587,0.01,0,0,0.12,0.11,0.68,0,0.08,0,0
4,1588,0,0,0.02,0,0.46,0,0,0,0.46,0.05
5,1589,0.26,0,0,0.01,0.17,0.41,0.1,0.04,0,0
5,1590,0,0,0,0,0,0.72,0,0.27,0,0
7,1591,0,0,0,0,0.16,0.35,0.04,0.4,0.04,0
7,1592,0,0,0,0,0.08,0.29,0,0.62,0,0
5,1593,0.29,0,0,0,0,0.67,0,0,0.04,0
5,1594,0,0,0.01,0,0.15,0.41,0,0.1,0.31,0
7,1595,0.14,0,0,0,0.09,0.03,0.06,0.68,0,0
6,1596,0,0,0,0.38,0,0,0.62,0,0,0
7,1597,0,0,0,0,0,0,0,1.0,0,0
5,1598,0,0,0,0,0.01,0.9,0.04,0.05,0,0
0,1599,0.54,0,0,0,0.07,0.18,0.02,0.19,0,0
5,1600,0,0,0,0.01,0.19,0.73,0,0.04,0.04,0
8,1601,0.12,0,0,0,0.04,0.09,0,0.21,0.55,0
5,1602,0,0,0,0,0,0.69,0,0.31,0,0
3,1603,0.09,0,0,0.72,0.12,0.07,0,0,0,0
4,1604,0.01,0.1,0,0.09,0.32,0.25,0.11,0,0.11,0.01
5,1605,0,0,0,0.02,0.04,0.91,0,0.02,0,0
9,1606,0,0,0,0,0.04,0.37,0.05,0.05,0.03,0.45
0,1607,0.51,0,0,0,0,0,0,0.49,0,0
5,1608,0,0,0,0.04,0.18,0.52,0.01,0.19,0.05,0
5,1609,0.01,0,0,0,0.01,0.62,0,0.35,0,0
9,1610,0,0,0,0,0,0.36,0,0,0,0.63
5,1611,0.02,0,0,0,0,0.88,0.01,0.09,0,0
8,1612,0,0,0.01,0,0.03,0.16,0,0.02,0.77,0
8,1613,0,0,0,0.12,0,0,0,0,0.88,0
0,1614,0.45,0.01,0,0.03,0.12,0.28,0.09,0.02,0,0
5,1615,0.01,0.02,0,0.01,0.32,0.54,0.05,0.04,0,0
0,1616,0.61,0.01,0,0,0.09,0.2,0,0.08,0,0
6,1617,0.03,0,0,0.03,0.02,0,0.89,0,0,0
6,1618,0,0,0,0.25,0.01,0.23,0.41,0.1,0,0
4,1619,0.05,0.08,0,0.03,0.41,0.21,0.21,0,0,0
5,1620,0,0,0,0,0,0.91,0,0.06,0.02,0
9,1621,0.03,0.03,0.03,0.03,0.03,0.03,0.03,0.03,0.03,0.77
7,1622,0.1,0,0,0,0,0.35,0,0.53,0,0
6,1623,0,0.06,0,0,0.3,0,0.4,0,0.22,0
0,1624,0.49,0,0,0,0.06,0.1,0,0.33,0,0
5,1625,0,0,0,0.05,0.04,0.91,0,0,0,0
5,1626,0.19,0.12,0,0.21,0.08,0.24,0.04,0.12,0,0
6,1627,0,0,0,0.03,0,0,0.73,0,0.22,0.02
2,1628,0,0,1.0,0,0,0,0,0,0,0
0,1629,0.49,0,0,0,0.1,0.4,0,0,0,0
5,1630,0.04,0.02,0,0.04,0.06,0.78,0.01,0.04,0,0
3,1631,0,0.02,0,0.82,0,0.06,0,0.04,0.02,0.04
5,1632,0,0,0,0,0,0.65,0,0.18,0.16,0
8,1633,0.28,0.05,0,0,0.02,0,0,0.17,0.46,0.03
5,1634,0,0,0,0,0.02,0.67,0,0.02,0.28,0
5,1635,0.09,0.02,0,0,0.11,0.73,0,0.02,0.02,0
7,1636,0,0.02,0,0,0.06,0.27,0.05,0.52,0.06,0
9,1637,0,0,0,0,0,0,0,0,0.31,0.69
7,1638,0.14,0.01,0,0,0,0,0,0.83,0,0
7,1639,0.01,0,0,0,0.04,0.35,0,0.59,0,0
0,1640,0.58,0.02,0.02,0.02,0.02,0.02,0.02,0.02,0.29,0.02
8,1641,0,0,0.01,0,0.26,0,0,0,0.45,0.27
8,1642,0,0,0,0,0,0,0,0,0.96,0
1,1643,0,0.66,0,0,0,0.21,0,0,0.13,0
9,1644,0,0.09,0,0.21,0,0,0,0,0,0.69
4,1645,0,0,0,0.17,0.43,0.4,0,0,0,0
7,1646,0,0,0,0.12,0.01,0.29,0.02,0.4,0.15,0
5,1647,0.07,0,0,0,0.02,0.86,0,0.04,0,0
0,1648,0.93,0,0,0.06,0,0,0,0,0,0
6,1649,0.06,0,0,0.03,0.15,0.24,0.49,0,0,0
3,1650,0,0,0,0.44,0.24,0.21,0.07,0.03,0.01,0
5,1651,0,0,0,0,0,0.94,0,0.06,0,0
7,1652,0.26,0,0,0,0,0.02,0,0.71,0,0
7,1653,0,0,0,0,0,0.08,0,0.92,0,0
5,1654,0,0.03,0.01,0,0.08,0.59,0,0.04,0.25,0
7,1655,0.06,0.01,0,0,0.17,0.19,0.02,0.54,0,0
6,1656,0.2,0,0,0,0,0,0.8,0,0,0
5,1657,0,0,0,0,0.02,0.62,0,0.35,0,0
5,1658,0,0,0,0,0,0.78,0,0.22,0,0
3,1659,0,0.02,0,0.9,0,0,0,0,0,0.07
7,1660,0,0,0,0,0,0.39,0,0.61,0,0
6,1661,0,0,0,0,0.15,0,0.84,0,0,0
7,1662,0,0,0,0,0,0,0,1.0,0,0
4,1663,0.06,0.02,0,0,0.41,0.4,0,0,0.09,0
9,1664,0.06,0,0,0,0.09,0.02,0,0,0,0.83
5,1665,0.01,0.01,0,0.03,0.02,0.92,0,0,0,0
3,1666,0,0.02,0,0.92,0,0,0,0,0,0.05
6,1667,0.09,0,0,0,0,0,0.81,0,0.05,0.05
5,1668,0.04,0,0,0.03,0.09,0.82,0.02,0,0,0
6,1669,0,0,0,0,0,0,0.66,0.22,0,0.1
3,1670,0,0,0,0.9,0,0,0,0.04,0,0.05
5,1671,0,0.02,0,0.06,0.11,0.78,0.03,0,0,0
5,1672,0,0,0,0.02,0.12,0.83,0,0.02,0,0
6,1673,0.02,0,0,0.05,0.01,0,0.89,0,0.03,0
8,1674,0,0.29,0.01,0.01,0.02,0.29,0,0,0.37,0
5,1675,0.36,0.06,0,0,0.01,0.4,0.16,0,0,0
7,1676,0,0,0,0,0,0,0,1.0,0,0
4,1677,0,0.05,0,0,0.95,0,0,0,0,0
1,1678,0,0.55,0,0,0,0,0.04,0,0.4,0
5,1679,0.33,0,0,0,0.04,0.45,0,0.17,0,0
7,1680,0,0,0,0,0.22,0.16,0,0.62,0,0
4,1681,0.09,0.02,0,0.11,0.33,0.31,0.07,0.06,0,0
8,1682,0,0,0,0,0,0.38,0,0.01,0.61,0
5,1683,0.24,0.06,0,0.02,0.26,0.31,0.1,0,0.01,0
5,1684,0,0,0,0,0,0.94,0.01,0.03,0,0
5,1685,0.07,0,0,0,0.11,0.76,0.04,0.01,0,0
5,1686,0.06,0,0,0.01,0,0.56,0,0.37,0,0
5,1687,0.08,0.01,0,0,0.02,0.55,0.29,0.03,0,0
5,1688,0.03,0,0,0,0,0.91,0,0.06,0,0
0,1689,0.53,0,0,0,0.02,0.16,0,0.28,0,0
5,1690,0.02,0,0,0,0.13,0.6,0,0.24,0,0
8,1691,0,0,0,0,0,0,0.03,0,0.97,0
6,1692,0.05,0.05,0,0,0,0.2,0.48,0.22,0,0
0,1693,0.42,0,0,0,0.01,0.35,0,0.2,0,0
8,1694,0,0,0,0.17,0.01,0.37,0.03,0.01,0.39,0
9,1695,0,0.01,0,0,0,0,0,0,0,0.99
8,1696,0,0,0,0,0,0,0,0,1.0,0
7,1697,0,0,0,0,0.01,0.29,0,0.7,0,0
8,1698,0,0,0,0,0.34,0,0,0,0.45,0.19
4,1699,0,0.03,0,0.05,0.76,0,0,0,0.15,0.01
8,1700,0.02,0,0,0.07,0.05,0.11,0.13,0,0.62,0
4,1701,0,0,0,0,0.47,0.39,0.09,0.02,0.02,0
3,1702,0,0,0,1.0,0,0,0,0,0,0
9,1703,0,0,0,0.03,0,0.26,0,0.07,0,0.64
5,1704,0,0,0,0,0.01,0.63,0,0.35,0,0
5,1705,0,0.05,0,0,0.24,0.64,0,0.06,0,0
5,1706,0.04,0.01,0,0,0.02,0.57,0.11,0.25,0,0
6,1707,0.16,0,0,0,0,0.17,0.65,0.01,0,0
0,1708,0.54,0,0,0.03,0,0.02,0,0.4,0,0
0,1709,0.88,0,0,0.1,0.01,0,0,0,0,0
6,1710,0,0.12,0,0,0.19,0,0.6,0,0.08,0
7,1711,0.05,0.05,0.05,0.05,0.05,0.05,0.05,0.55,0.05,0.05
5,1712,0.05,0,0,0,0.03,0.79,0.03,0.1,0,0
5,1713,0.36,0,0,0.06,0.03,0.45,0,0.1,0,0
8,1714,0,0.01,0,0,0,0,0,0,0.96,0.02
5,1715,0.16,0,0,0,0.16,0.49,0,0.17,0,0
5,1716,0,0,0,0,0,0.82,0,0.17,0,0
6,1717,0,0,0,0.02,0,0,0.97,0.01,0,0
6,1718,0,0,0,0,0,0.2,0.6,0.02,0.16,0.01
6,1719,0.2,0,0,0,0.22,0.23,0.27,0.07,0,0
8,1720,0,0,0,0,0,0,0,0,1.0,0
5,1721,0.03,0.03,0,0,0.02,0.61,0,0.3,0,0
7,1722,0,0,0,0,0,0,0,0.99,0,0
5,1723,0.12,0.01,0,0,0.04,0.51,0.09,0.22,0,0
5,1724,0.07,0,0,0.02,0,0.39,0,0.21,0.09,0.22
6,1725,0.03,0.02,0,0,0.05,0.23,0.66,0,0,0
0,1726,0.64,0,0,0,0,0.06,0,0.29,0,0
5,1727,0,0,0,0,0.01,0.63,0,0.25,0.1,0
0,1728,0.56,0,0,0,0.08,0.3,0.03,0.04,0,0
5,1729,0.09,0,0,0,0.01,0.87,0,0.02,0,0
3,1730,0,0,0,0.95,0,0,0,0,0,0.05
0,1731,0.58,0,0,0.03,0.21,0.14,0,0.03,0,0
5,1732,0.08,0,0,0.17,0,0.68,0,0.04,0.02,0
9,1733,0.1,0.18,0,0.05,0.01,0.13,0,0.02,0,0.51
5,1734,0,0,0,0,0.08,0.77,0,0.14,0,0
3,1735,0,0.33,0,0.59,0,0,0,0,0.07,0
8,1736,0,0,0,0,0,0,0.21,0,0.68,0.11
8,1737,0,0,0,0,0,0.11,0,0.03,0.85,0
7,1738,0,0,0,0,0.01,0.14,0,0.85,0,0
6,1739,0,0,0,0,0,0,0.89,0,0.08,0.03
8,1740,0,0,0,0,0.25,0,0.27,0,0.47,0
5,1741,0,0,0,0.18,0.03,0.7,0,0.07,0,0
5,1742,0,0,0,0.06,0.18,0.75,0,0.01,0,0
5,1743,0,0,0,0.02,0.32,0.49,0,0,0.16,0
5,1744,0,0,0,0.04,0.01,0.84,0,0.1,0,0
6,1745,0,0.02,0,0.05,0.06,0,0.87,0,0,0
0,1746,0.41,0,0,0.02,0.2,0.11,0.02,0.25,0,0
9,1747,0.17,0.08,0,0.32,0,0,0,0,0,0.42
5,1748,0,0,0,0.01,0.01,0.93,0,0,0.03,0
6,1749,0.1,0,0,0.02,0.06,0.21,0.6,0.02,0,0
5,1750,0.02,0,0,0,0,0.72,0,0.25,0,0
4,1751,0.02,0.35,0,0.03,0.48,0.08,0.04,0,0,0
3,1752,0,0.01,0,0.46,0.26,0.02,0.24,0,0,0
5,1753,0.19,0,0,0,0.03,0.73,0,0.03,0,0
5,1754,0.11,0,0,0,0.08,0.62,0.02,0.17,0,0
9,1755,0.14,0,0,0,0,0.03,0,0,0,0.83
5,1756,0.05,0,0,0.01,0,0.62,0,0.03,0,0.27
4,1757,0.01,0.1,0,0.11,0.54,0.02,0,0.21,0,0
7,1758,0.33,0,0,0,0,0.02,0,0.39,0.26,0
4,1759,0.08,0,0,0.03,0.61,0.2,0,0,0.07,0
7,1760,0.05,0.01,0,0,0.08,0.35,0.01,0.48,0.01,0
9,1761,0.05,0.1,0,0.01,0.13,0,0,0.03,0,0.68
5,1762,0,0,0,0,0,0.96,0,0,0.03,0
5,1763,0,0.02,0,0.04,0,0.72,0,0,0,0.2
5,1764,0.17,0,0,0,0.15,0.57,0,0.11,0,0
5,1765,0,0.06,0.02,0,0.3,0.38,0,0,0.19,0.05
7,1766,0.03,0,0,0,0,0.38,0.11,0.45,0.02,0
5,1767,0.42,0,0,0,0.02,0.44,0,0.12,0,0
6,1768,0,0,0,0,0,0,1.0,0,0,0
8,1769,0,0,0,0,0.33,0,0,0,0.6,0
7,1770,0.05,0.05,0.05,0.05,0.05,0.05,0.05,0.55,0.05,0.05
9,1771,0,0,0,0,0,0,0,0,0,0.99
8,1772,0,0,0,0,0.02,0.39,0.03,0.04,0.5,0
7,1773,0.09,0,0,0,0.01,0.32,0.07,0.5,0,0
3,1774,0.02,0,0,0.53,0,0.12,0,0.11,0.22,0
3,1775,0,0,0,0.94,0,0,0,0,0,0.05
4,1776,0.04,0.05,0,0,0.46,0.24,0,0,0.02,0.19
9,1777,0,0,0,0,0,0.17,0,0.07,0,0.76
3,1778,0,0.06,0,0.5,0.38,0,0.04,0.01,0,0
3,1779,0,0.02,0,0.87,0,0.03,0,0,0,0.07
4,1780,0.04,0.06,0,0,0.48,0.34,0.08,0,0,0
7,1781,0.24,0,0,0,0.08,0.1,0,0.57,0,0
9,1782,0,0,0,0,0,0,0,0,0.03,0.96
5,1783,0,0,0,0,0,0.8,0,0.2,0,0
5,1784,0.01,0,0,0.1,0.34,0.49,0,0,0.04,0.02
5,1785,0,0,0,0,0,0.71,0,0.28,0,0
6,1786,0.02,0,0,0,0.01,0.24,0.57,0.16,0,0
5,1787,0.32,0.01,0,0,0.04,0.56,0,0.06,0,0
7,1788,0.28,0,0,0.04,0.16,0.15,0,0.36,0,0
0,1789,0.52,0.09,0,0.11,0.07,0.01,0.18,0,0.02,0
5,1790,0,0,0,0,0.02,0.78,0,0.18,0,0
5,1791,0,0.01,0,0,0.05,0.78,0.02,0.14,0,0
9,1792,0,0,0,0,0,0,0,0,0,1.0
5,1793,0.05,0,0,0,0.18,0.67,0.09,0,0,0
8,1794,0,0,0,0,0.25,0.27,0,0,0.28,0.19
6,1795,0.04,0.14,0,0,0,0.04,0.78,0,0,0
5,1796,0.02,0,0,0,0,0.71,0,0.27,0,0
5,1797,0.02,0.02,0.02,0.02,0.02,0.85,0.02,0.02,0.02,0.02
0,1798,0.29,0,0,0.25,0,0.04,0.1,0.05,0.26,0
4,1799,0.09,0.02,0,0,0.53,0.14,0.19,0,0.02,0
6,1800,0.16,0.13,0,0.02,0,0.05,0.64,0,0,0
7,1801,0,0,0,0,0,0,0,0.99,0,0
6,1802,0.16,0,0,0.02,0.23,0.29,0.3,0,0,0
5,1803,0,0,0,0,0,0.72,0,0.14,0.03,0.1
5,1804,0.17,0,0,0,0,0.75,0.03,0.04,0,0
4,1805,0.08,0.04,0,0.02,0.5,0.35,0.01,0,0,0
4,1806,0,0.27,0,0,0.41,0,0.31,0,0,0
0,1807,0.75,0,0,0,0.21,0.02,0,0.01,0,0
5,1808,0.03,0,0,0.01,0.05,0.63,0.02,0.25,0,0
6,1809,0,0,0,0.12,0.01,0.23,0.6,0.04,0,0
7,1810,0.05,0.05,0.05,0.05,0.05,0.05,0.05,0.55,0.05,0.05
9,1811,0,0,0,0,0,0.4,0,0.08,0,0.52
4,1812,0,0.02,0,0.02,0.64,0.14,0,0.02,0.14,0.01
3,1813,0.19,0,0,0.68,0,0,0.08,0,0.03,0
0,1814,1.0,0,0,0,0,0,0,0,0,0
7,1815,0.05,0.05,0.05,0.05,0.05,0.05,0.05,0.55,0.05,0.05
5,1816,0,0,0,0,0,0.77,0.01,0.2,0,0
8,1817,0,0,0,0.02,0.37,0,0.06,0,0.53,0
5,1818,0,0,0,0,0,0.93,0,0.07,0,0
5,1819,0.1,0.01,0,0,0,0.4,0.06,0.37,0.05,0
7,1820,0.01,0,0,0,0.37,0.01,0,0.61,0,0
5,1821,0,0,0,0,0,0.52,0,0.48,0,0
7,1822,0,0,0,0,0,0,0,1.0,0,0
5,1823,0,0,0,0,0.35,0.39,0,0.23,0,0
3,1824,0.17,0,0,0.48,0.1,0.19,0,0.05,0.01,0
4,1825,0.09,0.17,0,0,0.26,0.14,0.03,0.11,0.21,0
7,1826,0.05,0.05,0.05,0.05,0.05,0.05,0.05,0.55,0.05,0.05
6,1827,0,0.08,0,0.04,0.19,0.24,0.41,0,0.04,0
5,1828,0.14,0,0,0,0.04,0.5,0.03,0.29,0,0
8,1829,0,0,0,0.11,0.11,0.23,0.03,0.09,0.42,0
5,1830,0.03,0.01,0,0,0.1,0.76,0.02,0.06,0,0
5,1831,0.02,0,0,0,0,0.89,0,0.09,0,0
6,1832,0,0,0,0.03,0.08,0.16,0.56,0,0.15,0
6,1833,0.02,0,0,0,0.03,0.21,0.71,0.03,0,0
3,1834,0.07,0,0,0.28,0.04,0.26,0.08,0.26,0,0
0,1835,0.32,0.2,0,0.27,0.08,0.02,0.04,0,0.08,0
4,1836,0.03,0,0,0.11,0.59,0.26,0,0,0.01,0
8,1837,0.03,0.03,0.03,0.03,0.03,0.03,0.03,0.03,0.7,0.03
5,1838,0.02,0.02,0,0.05,0.06,0.81,0.03,0.01,0,0
5,1839,0.02,0,0,0.01,0.21,0.68,0,0,0.08,0
5,1840,0.05,0,0,0,0.01,0.92,0,0,0,0
4,1841,0,0.16,0,0.04,0.37,0.08,0.21,0,0.13,0
2,1842,0.13,0,0.61,0,0,0,0,0,0.21,0.05
4,1843,0.02,0.05,0,0.02,0.27,0.26,0.2,0.12,0.06,0
5,1844,0,0,0,0,0.02,0.52,0,0.46,0,0
6,1845,0.16,0.08,0,0.16,0.13,0.04,0.33,0.05,0.03,0
7,1846,0.03,0.03,0.03,0.03,0.03,0.03,0.03,0.7,0.03,0.03
7,1847,0,0,0,0,0.14,0.1,0,0.76,0,0
1,1848,0.06,0.36,0,0.03,0.24,0.05,0.14,0.03,0.09,0
5,1849,0,0.03,0,0,0.32,0.61,0,0,0,0.02
0,1850,0.77,0.01,0,0.01,0,0.02,0.11,0.08,0,0
7,1851,0.01,0,0,0,0.09,0.39,0,0.5,0,0
6,1852,0.05,0.06,0,0,0.17,0.12,0.56,0,0.02,0
6,1853,0,0,0,0,0.03,0.05,0.81,0.02,0.09,0
5,1854,0,0,0,0,0,0.61,0,0.28,0.11,0
5,1855,0,0,0,0,0.04,0.89,0,0.07,0,0
7,1856,0.36,0,0,0,0,0.02,0,0.61,0,0
5,1857,0.12,0,0,0,0.11,0.38,0.37,0,0,0
5,1858,0,0,0,0.03,0.02,0.88,0,0.06,0,0
7,1859,0.02,0,0,0,0.03,0.05,0,0.9,0,0
7,1860,0.04,0.02,0,0.15,0.07,0.07,0,0.52,0.12,0
8,1861,0,0,0,0,0,0.29,0,0.05,0.66,0
9,1862,0,0,0,0,0,0,0,0,0,1.0
5,1863,0,0,0,0,0.01,0.89,0.01,0.04,0.03,0
5,1864,0.02,0,0,0,0.12,0.56,0,0.3,0,0
0,1865,0.79,0,0,0.08,0.05,0.02,0.05,0,0,0
5,1866,0.05,0,0,0,0.06,0.42,0.04,0.42,0,0
7,1867,0.02,0,0,0,0,0.24,0,0.5,0.16,0.08
6,1868,0,0,0,0,0,0,0.94,0,0,0
5,1869,0.02,0,0,0.03,0.02,0.57,0.06,0.26,0.03,0
6,1870,0,0,0,0,0.04,0.05,0.66,0,0.24,0
9,1871,0.07,0,0,0.03,0.09,0,0,0,0.05,0.75
8,1872,0,0,0,0,0.25,0.14,0,0,0.6,0.01
9,1873,0,0,0,0,0,0,0.08,0,0,0.92
5,1874,0.04,0,0,0,0,0.64,0.28,0.04,0,0
8,1875,0.15,0.02,0,0.01,0.06,0.04,0.02,0.2,0.49,0
5,1876,0.06,0,0,0,0,0.44,0,0.41,0.08,0
5,1877,0,0.16,0,0,0,0.67,0.14,0.03,0,0
8,1878,0.09,0,0,0.27,0.2,0,0.08,0,0.37,0
5,1879,0,0,0,0.01,0.02,0.7,0.07,0.18,0,0
5,1880,0.01,0.02,0,0,0.25,0.63,0.07,0.02,0,0
5,1881,0.03,0,0,0,0.02,0.6,0,0.34,0,0
9,1882,0,0,0,0,0.05,0,0,0,0,0.95
5,1883,0.07,0,0,0,0.19,0.41,0.31,0,0,0
4,1884,0.02,0.12,0,0.05,0.49,0.18,0.09,0.03,0.01,0
5,1885,0.11,0,0,0.01,0,0.58,0,0.29,0,0
5,1886,0,0,0,0,0,0.91,0,0.07,0.01,0
9,1887,0,0,0,0,0,0,0,0,0,1.0
5,1888,0,0,0,0,0.38,0.47,0,0.02,0.12,0
5,1889,0.09,0,0,0.04,0.04,0.72,0.1,0,0,0
5,1890,0.08,0,0,0,0,0.7,0,0.21,0,0
5,1891,0,0,0,0,0,0.77,0,0.23,0,0
0,1892,0.48,0,0,0,0.01,0.38,0,0.1,0.02,0
0,1893,0.94,0,0,0.06,0,0,0,0,0,0
5,1894,0.25,0,0,0.02,0.2,0.37,0.08,0.06,0,0
5,1895,0.25,0,0,0,0,0.41,0,0.32,0.01,0
8,1896,0,0,0,0.21,0,0,0,0,0.78,0
7,1897,0,0,0.02,0,0,0,0,0.98,0,0
4,1898,0.19,0.12,0,0,0.37,0.06,0.2,0.04,0,0
0,1899,0.8,0,0,0.02,0.05,0.06,0.02,0.05,0,0
3,1900,0,0.02,0,0.76,0,0,0.13,0,0,0.1
7,1901,0,0,0,0,0,0.49,0,0.5,0,0
1,1902,0,0.92,0.01,0,0.06,0,0,0,0,0
7,1903,0.05,0.05,0.05,0.05,0.05,0.05,0.05,0.55,0.05,0.05
9,1904,0,0,0,0,0,0,0,0,0,1.0
5,1905,0.11,0.03,0,0.02,0.13,0.6,0.05,0.03,0.01,0
4,1906,0.05,0.1,0,0.04,0.41,0.36,0,0.03,0,0
5,1907,0.02,0,0,0.01,0.05,0.8,0,0.08,0.05,0
